{"fmus":{"{Environment}":"file:////home/pietro/into-cps-projects/BIEA_old/FMUs/Environment_old.fmu","{ShowOutput}":"file:////home/pietro/into-cps-projects/BIEA_old/FMUs/ShowOutput.fmu"},"connections":{"{Environment}.EnvironmentInstance.eP":["{ShowOutput}.ShowOutputInstance.eP"],"{Environment}.EnvironmentInstance.sTime":["{ShowOutput}.ShowOutputInstance.sTime"],"{ShowOutput}.ShowOutputInstance.dummy":["{Environment}.EnvironmentInstance.dummy"]},"parameters":{"{Environment}.EnvironmentInstance.x_1":0.5,"{Environment}.EnvironmentInstance.y_1":0.5,"{Environment}.EnvironmentInstance.mapSize":3,"{Environment}.EnvironmentInstance.nRobots":1,"{Environment}.EnvironmentInstance.nObstacles":1,"{Environment}.EnvironmentInstance.step_size":20,"{Environment}.EnvironmentInstance.ertu_perc":0.002,"{Environment}.EnvironmentInstance.ox_1":1,"{Environment}.EnvironmentInstance.oy_1":2},"liveGraphColumns":1,"liveGraphVisibleRowCount":1,"logVariables":{},"algorithm":{"type":"fixed-step","size":0.1},"parallelSimulation":false,"stabalizationEnabled":false,"global_absolute_tolerance":0,"global_relative_tolerance":0.01,"simulationProgramDelay":true,"livestream":{"{Environment}.EnvironmentInstance":["x_1","y_1"]}}