{"fmus":{"{DesiredPosition}":"file:////home/pietro/into-cps-projects/UControllerTest/FMUs/DesiredPosition.fmu","{Controller}":"file:////home/pietro/into-cps-projects/UControllerTest/FMUs/UController.fmu","{Robot}":"file:////home/pietro/into-cps-projects/UControllerTest/FMUs/Body_Block.fmu"},"connections":{"{DesiredPosition}.DesiredPositionInstance.xDesired":["{Controller}.ControllerInstance.xDesired"],"{DesiredPosition}.DesiredPositionInstance.yDesired":["{Controller}.ControllerInstance.yDesired"],"{Controller}.ControllerInstance.servoLeft":["{Robot}.RobotInstance.servo_left_input"],"{Controller}.ControllerInstance.servoRight":["{Robot}.RobotInstance.servo_right_input"],"{Robot}.RobotInstance.robot_x":["{Controller}.ControllerInstance.x"],"{Robot}.RobotInstance.robot_y":["{Controller}.ControllerInstance.y"],"{Robot}.RobotInstance.robot_theta":["{Controller}.ControllerInstance.phi"]},"parameters":{"{DesiredPosition}.DesiredPositionInstance.xLocal":8,"{DesiredPosition}.DesiredPositionInstance.yLocal":2,"{Controller}.ControllerInstance.k_v":0.1,"{Robot}.RobotInstance.initial_position[0]":9.5,"{Robot}.RobotInstance.initial_position[1]":0.5,"{Robot}.RobotInstance.initial_position[2]":0,"{Robot}.RobotInstance.battery_initial_energy":1e+21},"liveGraphColumns":1,"liveGraphVisibleRowCount":1,"logVariables":{},"algorithm":{"type":"fixed-step","size":0.1},"parallelSimulation":false,"stabalizationEnabled":false,"global_absolute_tolerance":0,"global_relative_tolerance":0.01,"simulationProgramDelay":true,"livestream":{"{Robot}.RobotInstance":["robot_x","robot_y"],"{Controller}.ControllerInstance":["servoLeft","servoRight"],"{DesiredPosition}.DesiredPositionInstance":["xDesired","yDesired"]}}