{"fmus":{"{Environment}":"file:////home/pietro/into-cps-projects/BIEA/FMUs/Environment.fmu","{Controller}":"file:////home/pietro/into-cps-projects/BIEA/FMUs/UController.fmu","{Robot1}":"file:////home/pietro/into-cps-projects/BIEA/FMUs/Body_Block1.fmu","{Robot2}":"file:////home/pietro/into-cps-projects/BIEA/FMUs/Body_Block2.fmu","{Robot3}":"file:////home/pietro/into-cps-projects/BIEA/FMUs/Body_Block3.fmu","{Robot4}":"file:////home/pietro/into-cps-projects/BIEA/FMUs/Body_Block4.fmu"},"connections":{"{Environment}.EnvironmentInstance.onDestinationOutput":["{Controller}.ControllerInstance1.onDestinationInput","{Controller}.ControllerInstance2.onDestinationInput","{Controller}.ControllerInstance3.onDestinationInput","{Controller}.ControllerInstance4.onDestinationInput"],"{Environment}.EnvironmentInstance.xDesired1":["{Controller}.ControllerInstance1.xDesired"],"{Environment}.EnvironmentInstance.yDesired1":["{Controller}.ControllerInstance1.yDesired"],"{Environment}.EnvironmentInstance.xDesired2":["{Controller}.ControllerInstance2.xDesired"],"{Environment}.EnvironmentInstance.yDesired2":["{Controller}.ControllerInstance2.yDesired"],"{Environment}.EnvironmentInstance.xDesired3":["{Controller}.ControllerInstance3.xDesired"],"{Environment}.EnvironmentInstance.yDesired3":["{Controller}.ControllerInstance3.yDesired"],"{Environment}.EnvironmentInstance.xDesired4":["{Controller}.ControllerInstance4.xDesired"],"{Environment}.EnvironmentInstance.yDesired4":["{Controller}.ControllerInstance4.yDesired"],"{Controller}.ControllerInstance1.onDestinationOutput":["{Environment}.EnvironmentInstance.onDestination1Input"],"{Controller}.ControllerInstance1.servoLeft":["{Robot1}.Robot1Instance.servo_left_input"],"{Controller}.ControllerInstance1.servoRight":["{Robot1}.Robot1Instance.servo_right_input"],"{Controller}.ControllerInstance2.onDestinationOutput":["{Environment}.EnvironmentInstance.onDestination2Input"],"{Controller}.ControllerInstance2.servoLeft":["{Robot2}.Robot2Instance.servo_left_input"],"{Controller}.ControllerInstance2.servoRight":["{Robot2}.Robot2Instance.servo_right_input"],"{Controller}.ControllerInstance3.onDestinationOutput":["{Environment}.EnvironmentInstance.onDestination3Input"],"{Controller}.ControllerInstance3.servoLeft":["{Robot3}.Robot3Instance.servo_left_input"],"{Controller}.ControllerInstance3.servoRight":["{Robot3}.Robot3Instance.servo_right_input"],"{Controller}.ControllerInstance4.onDestinationOutput":["{Environment}.EnvironmentInstance.onDestination4Input"],"{Controller}.ControllerInstance4.servoLeft":["{Robot4}.Robot4Instance.servo_left_input"],"{Controller}.ControllerInstance4.servoRight":["{Robot4}.Robot4Instance.servo_right_input"],"{Robot1}.Robot1Instance.robot_x":["{Environment}.EnvironmentInstance.x_1","{Controller}.ControllerInstance1.x"],"{Robot1}.Robot1Instance.robot_y":["{Environment}.EnvironmentInstance.y_1","{Controller}.ControllerInstance1.y"],"{Robot1}.Robot1Instance.robot_theta":["{Controller}.ControllerInstance1.phi"],"{Robot2}.Robot2Instance.robot_x":["{Environment}.EnvironmentInstance.x_2","{Controller}.ControllerInstance2.x"],"{Robot2}.Robot2Instance.robot_y":["{Environment}.EnvironmentInstance.y_2","{Controller}.ControllerInstance2.y"],"{Robot2}.Robot2Instance.robot_theta":["{Controller}.ControllerInstance2.phi"],"{Robot3}.Robot3Instance.robot_x":["{Environment}.EnvironmentInstance.x_3","{Controller}.ControllerInstance3.x"],"{Robot3}.Robot3Instance.robot_y":["{Environment}.EnvironmentInstance.y_3","{Controller}.ControllerInstance3.y"],"{Robot3}.Robot3Instance.robot_theta":["{Controller}.ControllerInstance3.phi"],"{Robot4}.Robot4Instance.robot_x":["{Environment}.EnvironmentInstance.x_4","{Controller}.ControllerInstance4.x"],"{Robot4}.Robot4Instance.robot_y":["{Environment}.EnvironmentInstance.y_4","{Controller}.ControllerInstance4.y"],"{Robot4}.Robot4Instance.robot_theta":["{Controller}.ControllerInstance4.phi"]},"parameters":{"{Environment}.EnvironmentInstance.lx_1":0.5,"{Environment}.EnvironmentInstance.ly_1":0.5,"{Environment}.EnvironmentInstance.lx_2":9.5,"{Environment}.EnvironmentInstance.ly_2":9.5,"{Environment}.EnvironmentInstance.mapSize":12,"{Environment}.EnvironmentInstance.nRobots":2,"{Environment}.EnvironmentInstance.nObstacles":3,"{Environment}.EnvironmentInstance.ox_1":4,"{Environment}.EnvironmentInstance.ox_2":4,"{Environment}.EnvironmentInstance.ox_3":5,"{Environment}.EnvironmentInstance.oy_1":4,"{Environment}.EnvironmentInstance.oy_2":5,"{Environment}.EnvironmentInstance.oy_3":5,"{Robot1}.Robot1Instance.initial_position[0]":0.5,"{Robot1}.Robot1Instance.initial_position[1]":0.5,"{Robot1}.Robot1Instance.initial_position[2]":0,"{Robot1}.Robot1Instance.battery_initial_energy":1e+21,"{Robot2}.Robot2Instance.battery_initial_energy":1e+21,"{Robot2}.Robot2Instance.initial_position[0]":9.5,"{Robot2}.Robot2Instance.initial_position[1]":9.5,"{Robot2}.Robot2Instance.initial_position[2]":0,"{Robot3}.Robot3Instance.initial_position[0]":9.5,"{Robot3}.Robot3Instance.initial_position[1]":9.5,"{Robot3}.Robot3Instance.initial_position[2]":0,"{Robot3}.Robot3Instance.battery_initial_energy":1e+21,"{Robot4}.Robot4Instance.battery_initial_energy":1e+21,"{Robot4}.Robot4Instance.initial_position[0]":0.5,"{Robot4}.Robot4Instance.initial_position[1]":9.5,"{Robot4}.Robot4Instance.initial_position[2]":0},"liveGraphColumns":1,"liveGraphVisibleRowCount":1,"logVariables":{},"algorithm":{"type":"fixed-step","size":0.1},"parallelSimulation":false,"stabalizationEnabled":false,"global_absolute_tolerance":0,"global_relative_tolerance":0.01,"simulationProgramDelay":true,"livestream":{}}