time,step-size,{Controller}.ControllerInstance1.onDestinationOutput,{Controller}.ControllerInstance1.servoLeft,{Controller}.ControllerInstance1.servoRight,{Controller}.ControllerInstance2.onDestinationOutput,{Controller}.ControllerInstance2.servoLeft,{Controller}.ControllerInstance2.servoRight,{Controller}.ControllerInstance3.onDestinationOutput,{Controller}.ControllerInstance3.servoLeft,{Controller}.ControllerInstance3.servoRight,{Controller}.ControllerInstance4.onDestinationOutput,{Controller}.ControllerInstance4.servoLeft,{Controller}.ControllerInstance4.servoRight,{Environment}.EnvironmentInstance.onDestinationOutput,{Environment}.EnvironmentInstance.xDesired1,{Environment}.EnvironmentInstance.xDesired2,{Environment}.EnvironmentInstance.xDesired3,{Environment}.EnvironmentInstance.xDesired4,{Environment}.EnvironmentInstance.yDesired1,{Environment}.EnvironmentInstance.yDesired2,{Environment}.EnvironmentInstance.yDesired3,{Environment}.EnvironmentInstance.yDesired4,{Robot1}.Robot1Instance.robot_theta,{Robot1}.Robot1Instance.robot_x,{Robot1}.Robot1Instance.robot_y,{Robot2}.Robot2Instance.robot_theta,{Robot2}.Robot2Instance.robot_x,{Robot2}.Robot2Instance.robot_y,{Robot3}.Robot3Instance.robot_theta,{Robot3}.Robot3Instance.robot_x,{Robot3}.Robot3Instance.robot_y,{Robot4}.Robot4Instance.robot_theta,{Robot4}.Robot4Instance.robot_x,{Robot4}.Robot4Instance.robot_y
0.0,0.0,0.0,0.0,0.0,0.0,0.0,0.0,0.0,0.0,0.0,0.0,0.0,0.0,0.0,0.5,9.5,9.5,0.5,0.5,0.5,9.5,9.5,0.0,0.0,0.0,0.0,0.0,0.0,0.0,0.0,0.0,0.0,0.0,0.0
0.1,0.1,0.0,1.0,-1.0,0.0,1.0,-1.0,0.0,1.0,-1.0,0.0,1.0,-1.0,0.0,0.5,9.5,9.5,0.5,0.5,9.5,9.5,9.5,0.0,0.5,0.5,0.0,9.5,9.5,0.0,9.5,9.5,0.0,0.5,9.5
0.2,0.1,1.0,-0.2552543962467425,-0.2552543962467425,1.0,-0.2552543962467425,-0.2552543962467425,1.0,-0.2552543962467425,-0.2552543962467425,1.0,-0.2552543962467425,-0.2552543962467425,0.0,0.5,9.5,9.5,0.5,0.5,9.5,9.5,9.5,0.0,0.5,0.5046985556609105,0.0,9.5,9.50469855566091,0.0,9.5,9.50469855566091,0.0,0.5,9.50469855566091
0.30000000000000004,0.1,1.0,0.0,0.0,1.0,0.0,0.0,1.0,0.0,0.0,1.0,0.0,0.0,1.0,1.5,10.5,9.5,0.5,0.5,10.5,9.5,9.5,0.0494845493238586,0.4993413016406995,0.507365857291904,0.0494845493238586,9.4993413016407,9.507365857291903,0.0494845493238586,9.4993413016407,9.507365857291903,0.0494845493238586,0.4993413016406995,9.507365857291903
0.4,0.1,0.0,0.0,0.0,0.0,0.0,0.0,1.0,0.0,0.0,1.0,0.0,0.0,0.0,1.5,10.5,9.5,0.5,0.5,10.5,9.5,9.5,0.06525555305330501,0.4990202502513808,0.5092919635057884,0.06525555305330501,9.49902025025138,9.509291963505788,0.06525555305330501,9.49902025025138,9.509291963505788,0.06525555305330501,0.4990202502513808,9.509291963505788
0.5,0.1,0.0,-0.7551591616539435,-0.7551591616539435,0.0,0.13906927752500634,0.13906927752500634,1.0,0.0,0.0,1.0,0.0,0.0,0.0,1.5,10.5,9.5,0.5,0.5,10.5,9.5,9.5,0.0743512216582768,0.4987965974533127,0.5108384817788332,0.0743512216582768,9.498796597453312,9.510838481778833,0.0743512216582768,9.498796597453312,9.510838481778833,0.0743512216582768,0.4987965974533127,9.510838481778833
0.6,0.1,0.0,-0.7536811155453433,-0.7536811155453433,0.0,0.14069239871116146,0.14069239871116146,1.0,0.0,0.0,1.0,0.0,0.0,0.0,1.5,10.5,9.5,0.5,0.5,10.5,9.5,9.5,0.2264807966934838,0.4967734842339779,0.5117994874452435,0.05310198371759326,9.498972842761223,9.512103269506262,0.08006564503372098,9.498627927413482,9.512080141574701,0.08006564503372098,0.49862792741348205,9.512080141574701
0.7,0.1,0.0,-0.7289600602662554,-0.7289600602662554,0.0,0.13732904296703735,0.13732904296703735,1.0,0.0,0.0,1.0,0.0,0.0,0.0,1.5,10.5,9.5,0.5,0.5,10.5,9.5,9.5,0.4228575622774443,0.4941326593329632,0.5119777070953395,0.02082112275793513,9.499337249888896,9.513121846364783,0.08365567222946704,9.498500486950046,9.513077282876912,0.08365567222946704,0.4985004869500456,9.513077282876912
0.7999999999999999,0.1,0.0,-0.6970488367161589,-0.6970488367161589,0.0,0.13213763166509396,0.13213763166509396,1.0,0.0,0.0,1.0,0.0,0.0,0.0,1.5,10.5,9.5,0.5,0.5,10.5,9.5,9.5,0.6399228930917464,0.4913830848383126,0.511306513060872,-0.01719786762434215,9.499810952521784,9.513929120307678,0.08591103147337567,9.498403754930576,9.513878114124434,0.08591103147337567,0.4984037549305768,9.513878114124434
0.8999999999999999,0.1,0.0,-0.6617757214064497,-0.6617757214064497,0.0,0.12598756150116072,0.12598756150116072,1.0,0.0,0.0,1.0,0.0,0.0,0.0,1.5,10.5,9.5,0.5,0.5,10.5,9.5,9.5,0.8652860978068655,0.4888777385204565,0.5098590295332188,-0.058011782969187485,9.500346060113436,9.514556886525943,0.08732789437904052,9.498329890980143,9.514521274681195,0.08732789437904052,0.4983298909801438,9.514521274681195
0.9999999999999999,0.1,0.0,-0.6251542016240826,-0.6251542016240826,0.0,0.11936356167084217,0.11936356167084217,1.0,0.0,0.0,1.0,0.0,0.0,0.0,1.5,10.5,9.5,0.5,0.5,10.5,9.5,9.5,1.0910164854620292,0.486861681800737,0.5078103023592206,-0.09971127828679255,9.50090823234224,9.5150338776001,0.08821798701152796,9.498273121547179,9.515037782326155,0.08821798701152796,0.4982731215471793,9.515037782326155
1.0999999999999999,0.1,0.0,-0.5884730146155615,-0.5884730146155615,0.0,0.1125810268938441,0.1125810268938441,1.0,0.0,0.0,1.0,0.0,0.0,0.0,1.5,10.5,9.5,0.5,0.5,10.5,9.5,9.5,1.3143015372473292,0.48545549491800155,0.5053551017622063,-0.1414829324103947,9.501479233579195,9.515388796456238,0.08878153251932867,9.498228823894177,9.515456258698098,0.08878153251932867,0.4982288238941769,9.515456258698098
1.2,0.1,0.0,-0.5521891946752177,-0.5521891946752177,0.0,0.10577596828091253,0.10577596828091253,1.0,0.0,0.0,1.0,0.0,0.0,0.0,1.5,10.5,9.5,0.5,0.5,10.5,9.5,9.5,1.5276522153713796,0.4847195788653177,0.5027617969658641,-0.1817286936651549,9.502031729171813,9.515637422926298,0.0891311718789469,9.4981947375848,9.515788582953965,0.0891311718789469,0.49819473758480054,9.515788582953965
1.3,0.1,0.0,-0.5175197104114577,-0.5175197104114577,0.0,0.09921158461468585,0.09921158461468585,1.0,0.0,0.0,1.0,0.0,0.0,0.0,1.5,10.5,9.5,0.5,0.5,10.5,9.5,9.5,1.7314341639976745,0.4845964468366461,0.5001946701824702,-0.2203831467347445,9.50256104629631,9.515803421921854,0.08935081539390335,9.498168068566278,9.516055419826992,0.08935081539390335,0.49816806856627693,9.516055419826992
1.4000000000000001,0.1,0.0,-0.48440514464931006,-0.48440514464931006,0.0,0.0929008356853835,0.0929008356853835,1.0,0.0,0.0,1.0,0.0,0.0,0.0,1.5,10.5,9.5,0.5,0.5,10.5,9.5,9.5,1.9247771214626161,0.48500119159190447,0.4977930347886063,-0.25719513228294,9.503061369732151,9.515903352532302,0.08948879487124425,9.498147105176693,9.516269664658504,0.08948879487124425,0.49814710517669303,9.516269664658504
1.5000000000000002,0.1,0.0,-0.4529869149053101,-0.4529869149053101,0.0,0.08688637528686768,0.08688637528686768,1.0,0.0,0.0,1.0,0.0,0.0,0.0,1.5,10.5,9.5,0.5,0.5,10.5,9.5,9.5,2.1073377883206468,0.48582876621858634,0.4956493409253588,-0.29204168878103043,9.503529749803475,9.515951068168885,0.0895754729015386,9.498130561168885,9.516441676687645,0.0895754729015386,0.4981305611688849,9.516441676687645
1.6000000000000003,0.1,0.0,-0.42332080733786226,-0.42332080733786226,0.0,0.08118957072557711,0.08118957072557711,1.0,0.0,0.0,1.0,0.0,0.0,0.0,1.5,10.5,9.5,0.5,0.5,10.5,9.5,9.5,2.2791310126127744,0.48697112718019986,0.49381465318296136,-0.32488704313456024,9.503965221534997,9.515958018417738,0.08962992345640217,9.498117461458651,9.516579776844873,0.08962992345640217,0.49811746145865093,9.516579776844873
1.7000000000000004,0.1,0.0,-0.3954044091403676,-0.3954044091403676,0.0,0.07581726213511786,0.07581726213511786,1.0,0.0,0.0,1.0,0.0,0.0,0.0,1.5,10.5,9.5,0.5,0.5,10.5,9.5,9.5,2.440399134843437,0.4883281421971197,0.4923073163997725,-0.3557517332821964,9.504368131181016,9.515933573577495,0.08966412884844696,9.498107060548667,9.516690648093668,0.08966412884844696,0.4981070605486679,9.516690648093668
1.8000000000000005,0.1,0.0,-0.3691983399819129,-0.3691983399819129,0.0,0.07076686088294706,0.07076686088294706,1.0,0.0,0.0,1.0,0.0,0.0,0.0,1.5,10.5,9.5,0.5,0.5,10.5,9.5,9.5,2.5915231274482307,0.48981337245301754,0.4911220196795228,-0.3846915774535621,9.504739651298312,9.515885340047642,0.08968561635498584,9.498098783977785,9.516779657360685,0.08968561635498584,0.4980987839777852,9.516779657360685
1.9000000000000006,0.1,0.0,-0.344640691843377,-0.344640691843377,0.0,0.06602983215681894,0.06602983215681894,1.0,0.0,0.0,1.0,0.0,0.0,0.0,1.5,10.5,9.5,0.5,0.5,10.5,9.5,9.5,2.7329633726784954,0.49135621010112573,0.4902378396166676,-0.41178357451133973,9.50508144170199,9.515819449184278,0.08969911458481154,9.498092185960866,9.516851114356893,0.08969911458481154,0.4980921859608666,9.516851114356893
2.0000000000000004,0.1,0.0,-0.3216566526109269,-0.3216566526109269,0.0,0.06159403741332467,0.06159403741332467,1.0,0.0,0.0,1.0,0.0,0.0,0.0,1.5,10.5,9.5,0.5,0.5,10.5,9.5,9.5,2.865220497482938,0.4929016974089863,0.48962471098029403,-0.43711650616106656,9.50539541719921,9.515740812179468,0.08970759402323268,9.498086918443846,9.516908479612226,0.08970759402323268,0.49808691844384534,9.516908479612226
2.1000000000000005,0.1,0.0,-0.30016487040758333,-0.30016487040758333,0.0,0.0574453014110603,0.0574453014110603,1.0,0.0,0.0,1.0,0.0,0.0,0.0,1.5,10.5,9.5,0.5,0.5,10.5,9.5,9.5,2.98880973963945,0.49440904709639905,0.48924826451381975,-0.460784721775185,9.505683592055655,9.515653339222728,0.08971292070733916,9.498082708257378,9.516954531651958,0.08971292070733916,0.4980827082573789,9.516954531651958
2.2000000000000006,0.1,0.0,-0.28008161909668816,-0.28008161909668816,0.0,0.05356845294779973,0.05356845294779973,1.0,0.0,0.0,1.0,0.0,0.0,0.0,1.5,10.5,9.5,0.5,0.5,10.5,9.5,9.5,3.104244424319697,0.49584957098766197,0.489073216586647,-0.48288407463795485,9.50594797876304,9.515560124513339,0.08971626686543271,9.498079340066656,9.516991501313065,0.08971626686543271,0.4980793400666556,9.516991501313065
2.3000000000000007,0.1,0.0,-0.26132348334008665,-0.26132348334008665,0.0,0.049948008787989405,0.049948008787989405,1.0,0.0,0.0,1.0,0.0,0.0,0.0,1.5,10.5,9.5,0.5,0.5,10.5,9.5,9.5,3.2120255585486857,0.49720446575796756,0.4890655867026318,-0.5035093099367359,9.50619052468309,9.51546360038028,0.08971836887988913,9.49807664351302,9.517021179641558,0.08971836887988913,0.4980766435130203,9.517021179641558
2.400000000000001,0.1,0.0,-0.24380904949840254,-0.24380904949840254,0.0,0.046568616061025025,0.046568616061025025,1.0,0.0,0.0,1.0,0.0,0.0,0.0,1.5,10.5,9.5,0.5,0.5,10.5,9.5,9.5,3.3126355189883436,0.4984627142054916,0.4891940252655621,-0.5227524298435299,9.506413074723328,9.515365664429114,0.0897196893382885,9.498074483421794,9.517045004555282,0.0897196893382885,0.4980744834217946,9.517045004555282
2.500000000000001,0.1,0.0,-0.2274599313661784,-0.2274599313661784,0.0,0.04341533153719352,0.04341533153719352,1.0,0.0,0.0,1.0,0.0,0.0,0.0,1.5,10.5,9.5,0.5,0.5,10.5,9.5,9.5,3.4065344643549835,0.4996192312872836,0.4894305003942311,-0.5407017137766769,9.506617351610755,9.515267783695354,0.08972051883290863,9.498072752279167,9.517064130443377,0.08972051883290863,0.49807275227916675,9.517064130443377
2.600000000000001,0.1,0.0,-0.21220135315402225,-0.21220135315402225,0.0,0.040473791100457665,0.040473791100457665,1.0,0.0,0.0,1.0,0.0,0.0,0.0,1.5,10.5,9.5,0.5,0.5,10.5,9.5,9.5,3.494158548118341,0.5006733025273589,0.4897505451871801,-0.5574411756316525,9.50680494782526,9.515171079521483,0.08972103991036391,9.498071364407432,9.51707948405704,0.08972103991036391,0.4980713644074316,9.51707948405704
2.700000000000001,0.1,0.0,-0.19796243992500612,-0.19796243992500612,0.0,0.03773030566501265,0.03773030566501265,1.0,0.0,0.0,1.0,0.0,0.0,0.0,1.5,10.5,9.5,0.5,0.5,10.5,9.5,9.5,3.5759193080861342,0.5016273146428499,0.49013321937362264,-0.573050310177877,9.506977325056585,9.515076396464329,0.0897213672441855,9.49807025142505,9.51709180938845,0.0897213672441855,0.4980702514250498,9.51709180938845
2.800000000000001,0.1,0.0,-0.1846763167871724,-0.1846763167871724,0.0,0.03517190816272541,0.03517190816272541,1.0,0.0,0.0,1.0,0.0,0.0,0.0,1.5,10.5,9.5,0.5,0.5,10.5,9.5,9.5,3.6522038132589056,0.5024857530552911,0.4905608978840662,-0.5876040286256422,9.50713581833561,9.514984358083874,0.08972157287082962,9.498069358688168,9.517101703705396,0.08972157287082962,0.49806935868816843,9.517101703705396
2.9000000000000012,0.1,0.0,-0.17228008502962272,-0.17228008502962272,0.0,0.03278636831859302,0.03278636831859302,1.0,0.0,0.0,1.0,0.0,0.0,0.0,1.5,10.5,9.5,0.5,0.5,10.5,9.5,9.5,3.723375286266294,0.5032544299841449,0.4910189654571799,-0.6011727158281491,9.507281642901548,9.51489541202063,0.08972170204266253,9.498068642488349,9.517109646483238,0.08972170204266253,0.4980686424883495,9.517109646483238
3.0000000000000013,0.1,0.0,-0.16071472097662645,-0.16071472097662645,0.0,0.03056218654614952,0.03056218654614952,1.0,0.0,0.0,1.0,0.0,0.0,0.0,1.5,10.5,9.5,0.5,0.5,10.5,9.5,9.5,3.7897740129979613,0.5039399042521855,0.4914954707892484,-0.6138223636222974,9.50741590250581,9.514809866364292,0.08972178318662248,9.498068067837306,9.517116022633324,0.08972178318662248,0.4980680678373047,9.517116022633324
3.1000000000000014,0.1,0.0,-0.14992492817259911,-0.14992492817259911,0.0,0.028488574628203252,0.028488574628203252,1.0,0.0,0.0,1.0,0.0,0.0,0.0,1.5,10.5,9.5,0.5,0.5,10.5,9.5,9.5,3.8517184141102674,0.5045490559484169,0.4919807748554424,-0.6256147497710322,9.507539598298345,9.514727918962894,0.08972183416013106,9.498067606710187,9.51712114115173,0.08972183416013106,0.4980676067101865,9.51712114115173
3.2000000000000015,0.1,0.0,-0.13985896326227226,-0.13985896326227226,0.0,0.026555428351988687,0.026555428351988687,1.0,0.0,0.0,1.0,0.0,0.0,0.0,1.5,10.5,9.5,0.5,0.5,10.5,9.5,9.5,3.9095061956763035,0.5050887832989905,0.49246721456491194,-0.6366076421195788,9.507653637749437,9.514649681020735,0.08972186618097837,9.49806723664899,9.517125250090901,0.08972186618097837,0.4980672366489917,9.517125250090901
3.3000000000000016,0.1,0.0,-0.13046844901006827,-0.13046844901006827,0.0,0.02475329556855721,0.02475329556855721,1.0,0.0,0.0,1.0,0.0,0.0,0.0,1.5,10.5,9.5,0.5,0.5,10.5,9.5,9.5,3.9634155249623753,0.5055657940625311,0.4929487935921283,-0.6468550144593588,9.507758843269977,9.514575196081552,0.0897218862960267,9.498066939650005,9.51712854857901,0.0897218862960267,0.49806693965000554,9.51712854857901
3.4000000000000017,0.1,0.0,-0.12170818323642678,-0.12170818323642678,0.0,0.02307334198997187,0.02307334198997187,1.0,0.0,0.0,1.0,0.0,0.0,0.0,1.5,10.5,9.5,0.5,0.5,10.5,9.5,9.5,4.01370619663772,0.5059864686955136,0.49342090597894384,-0.6564072652540082,9.507855960335204,9.514504455285651,0.08972189893201803,9.498066701276084,9.51713119646909,0.08972189893201803,0.49806670127608466,9.51713119646909
3.5000000000000018,0.1,0.0,-0.11353594930873086,-0.11353594930873086,0.0,0.021507316251665312,0.021507316251665312,1.0,0.0,0.0,1.0,0.0,0.0,0.0,1.5,10.5,9.5,0.5,0.5,10.5,9.5,9.5,4.060620767692024,0.506356777021943,0.49388009406543787,-0.665311433533282,9.50794566501144,9.514437409619461,0.08972190686977018,9.49806650994743,9.51713332208524,0.08972190686977018,0.4980665099474294,9.51713332208524
3.600000000000002,0.1,0.0,-0.1059123317172156,-0.1059123317172156,0.0,0.020047515233339773,0.020047515233339773,1.0,0.0,0.0,1.0,0.0,0.0,0.0,1.5,10.5,9.5,0.5,0.5,10.5,9.5,9.5,4.104385648003787,0.5066822340220963,0.49432383982396955,-0.6736114083862939,9.508028570847134,9.5143739797376,0.08972191185615433,9.49806635637438,9.517135028441135,0.08972191185615433,0.4980663563743808,9.517135028441135
3.700000000000002,0.1,0.0,-0.09880053885761289,-0.09880053885761289,0.0,0.018686750269803445,0.018686750269803445,1.0,0.0,0.0,1.0,0.0,0.0,0.0,1.5,10.5,9.5,0.5,0.5,10.5,9.5,9.5,4.145212139265604,0.5069678835945963,0.4947503872507798,-0.6813481299142764,9.508105235128772,9.514314063825408,0.08972191498853056,9.498066233103437,9.517136398232134,0.08972191498853056,0.4980662331034361,9.517136398232134
3.800000000000002,0.1,0.0,-0.0921662342057987,-0.0921662342057987,0.0,0.01741831463841466,0.01741831463841466,1.0,0.0,0.0,1.0,0.0,0.0,0.0,1.5,10.5,9.5,0.5,0.5,10.5,9.5,9.5,4.183297418773231,0.5072183017827017,0.4951585927586602,-0.6885597804584064,9.508176164526118,9.514257543879346,0.08972191695624517,9.498066134153653,9.517137497842763,0.08972191695624517,0.49806613415365353,9.517137497842763
3.900000000000002,0.1,0.0,-0.08597737645207351,-0.08597737645207351,0.0,0.0162359525450589,0.0162359525450589,1.0,0.0,0.0,1.0,0.0,0.0,0.0,1.5,10.5,9.5,0.5,0.5,10.5,9.5,9.5,4.218825467064123,0.5074376130600383,0.4955478002614443,-0.6952819655521696,9.508241820164882,9.514204290709682,0.08972191819233569,9.498066054725303,9.517138380563845,0.08972191819233569,0.4980660547253036,9.517138380563845
4.000000000000002,0.1,0.0,-0.08020406875990384,-0.08020406875990384,0.0,0.015133829720373814,0.015133829720373814,1.0,0.0,0.0,1.0,0.0,0.0,0.0,1.5,10.5,9.5,0.5,0.5,10.5,9.5,9.5,4.251967939979805,0.5076295149241192,0.4959177376718819,-0.7015478844637414,9.508302622171714,9.514154167911101,0.08972191896883032,9.49806599096632,9.517139089175064,0.08972191896883032,0.49806599096632004,9.517139089175064
4.100000000000001,0.1,0.0,-0.07481841705579152,-0.07481841705579152,0.0,0.014106505664876905,0.014106505664876905,1.0,0.0,0.0,1.0,0.0,0.0,0.0,1.5,10.5,9.5,0.5,0.5,10.5,9.5,9.5,4.282884986718386,0.5077973073272196,0.4962684317300878,-0.707388490462245,9.508358953738762,9.51410703499958,0.0897219194566133,9.498065939785027,9.517139658018197,0.0897219194566133,0.49806593978502656,9.517139658018197
4.200000000000001,0.1,0.0,-0.06979439709574269,-0.06979439709574269,0.0,0.013148907533901587,0.013148907533901587,1.0,0.0,0.0,1.0,0.0,0.0,0.0,1.5,10.5,9.5,0.5,0.5,10.5,9.5,9.5,4.311726016036651,0.507943924455258,0.49660013836128075,-0.7128326411103675,9.508411164754623,9.514062749875803,0.08972191976303164,9.498065898699933,9.517140114661391,0.08972191976303164,0.4980658986999326,9.517140114661391
4.300000000000001,0.1,0.0,-0.06510772995743228,-0.06510772995743228,0.0,0.012256305622711754,0.012256305622711754,1.0,0.0,0.0,1.0,0.0,0.0,0.0,1.5,10.5,9.5,0.5,0.5,10.5,9.5,9.5,4.338630413089333,0.5080719671080938,0.49691328607793334,-0.7179072389873118,9.50845957504637,9.51402117074472,0.08972191995551931,9.498065865719239,9.517140481235204,0.08972191995551931,0.49806586571923955,9.517140481235204
4.4,0.1,0.0,-0.060735765553824685,-0.060735765553824685,0.0,0.011424290393279832,0.011424290393279832,1.0,0.0,0.0,1.0,0.0,0.0,0.0,1.5,10.5,9.5,0.5,0.5,10.5,9.5,9.5,4.3637282095467365,0.5081837344906972,0.4972084302609763,-0.7226373633024885,9.50850447727436,9.513982157596182,0.08972192007643733,9.498065839244164,9.517140775505123,0.08972192007643733,0.49806583924416425,9.517140775505123
4.5,0.1,0.0,-0.05665737373906287,-0.05665737373906287,0.0,0.010648750973243115,0.010648750973243115,1.0,0.0,0.0,1.0,0.0,0.0,0.0,1.5,10.5,9.5,0.5,0.5,10.5,9.5,9.5,4.387140709671809,0.5082812546360398,0.4974862164586477,-0.7270463928868908,9.50854613951797,9.513945573331645,0.0897219201523963,9.498065817991366,9.517141011732535,0.0897219201523963,0.49806581799136496,9.517141011732535
4.6,0.1,0.0,-0.05285284257094761,-0.05285284257094761,0.0,0.009925855051857797,0.009925855051857797,1.0,0.0,0.0,1.0,0.0,0.0,0.0,1.5,10.5,9.5,0.5,0.5,10.5,9.5,9.5,4.4089810750048315,0.5083663129810152,0.4977473511198941,-0.7311561210559014,9.508584807586828,9.513911284605879,0.08972192020011267,9.498065800930688,9.51714120136588,0.08972192020011267,0.498065800930688,9.51714120136588
4.699999999999999,0.1,0.0,-0.04930378329967718,-0.04930378329967718,0.0,0.009252030095626525,0.009252030095626525,1.0,0.0,0.0,1.0,0.0,0.0,0.0,1.5,10.5,9.5,0.5,0.5,10.5,9.5,9.5,4.429354870225865,0.508440478832867,0.49799257842747974,-0.7349868628313088,9.508620707088589,9.513879162439597,0.08972192023008745,9.498065787235207,9.517141353595479,0.08972192023008745,0.49806578723520645,9.517141353595479
4.799999999999999,0.1,0.0,-0.0459930416652026,-0.0459930416652026,0.0,0.008623945806447963,0.008623945806447963,1.0,0.0,0.0,1.0,0.0,0.0,0.0,1.5,10.5,9.5,0.5,0.5,10.5,9.5,9.5,4.44836057266005,0.5085051296162976,0.4982226621132138,-0.7385575549963305,9.508654045280856,9.51384908264845,0.08972192024891718,9.498065776241122,9.51714147579894,0.08972192024891718,0.4980657762411218,9.51714147579894
4.899999999999999,0.1,0.0,-0.042904615102618275,-0.042904615102618275,0.0,0.008038497746812147,0.008038497746812147,1.0,0.0,0.0,1.0,0.0,0.0,0.0,1.5,10.5,9.5,0.5,0.5,10.5,9.5,9.5,4.466090047771073,0.5085614728967747,0.49843837132510826,-0.7418858494385493,9.508685012731872,9.513820926125275,0.0897219202607458,9.498065767415579,9.517141573898689,0.0897219202607458,0.49806576741557923,9.517141573898689
4.999999999999998,0.1,0.0,-0.04002357547447644,-0.04002357547447644,0.0,0.007492792059176477,0.007492792059176477,1.0,0.0,0.0,1.0,0.0,0.0,0.0,1.5,10.5,9.5,0.5,0.5,10.5,9.5,9.5,4.482466828481933,0.5086101014805468,0.4986384856276204,-0.7449577889984557,9.508713503402548,9.51379483758249,0.08972192026811783,9.498065760394255,9.517141651944067,0.08972192026811783,0.49806576039425376,9.517141651944067
5.099999999999998,0.1,0.0,-0.037362348680455654,-0.037362348680455654,0.0,0.006989117400362806,0.006989117400362806,1.0,0.0,0.0,1.0,0.0,0.0,0.0,1.5,10.5,9.5,0.5,0.5,10.5,9.5,9.5,4.497899407873367,0.5086529124271593,0.49882776866597717,-0.7478503349985364,9.508740249907019,9.513770185329273,0.08972192027280734,9.49806575469443,9.517141715300518,0.08972192027280734,0.4980657546944292,9.517141715300518
5.1999999999999975,0.1,0.0,-0.0348545545967197,-0.0348545545967197,0.0,0.006514855470322122,0.006514855470322122,1.0,0.0,0.0,1.0,0.0,0.0,0.0,1.5,10.5,9.5,0.5,0.5,10.5,9.5,9.5,4.5122995166240605,0.5086902130308905,0.49900496467703015,-0.7505472402452463,9.508765117245467,9.513747125047104,0.08972192027575325,9.498065750118863,9.517141766160384,0.08972192027575325,0.49806575011886256,9.517141766160384
5.299999999999997,0.1,0.0,-0.032514536987596813,-0.032514536987596813,0.0,0.0060726703317035245,0.0060726703317035245,1.0,0.0,0.0,1.0,0.0,0.0,0.0,1.5,10.5,9.5,0.5,0.5,10.5,9.5,9.5,4.5257336901892815,0.508722702253872,0.4991707451551859,-0.7530612572259808,9.508788237781813,9.513725563328675,0.08972192027760384,9.498065746445798,9.517141806988525,0.08972192027760384,0.4980657464457986,9.517141806988525
5.399999999999997,0.1,0.0,-0.030331483841896278,-0.030331483841896278,0.0,0.005660471163318791,0.005660471163318791,1.0,0.0,0.0,1.0,0.0,0.0,0.0,1.5,10.5,9.5,0.5,0.5,10.5,9.5,9.5,4.538266348475998,0.5087509964037342,0.4993257822336232,-0.7554047174454525,9.508809737286764,9.513705408270807,0.08972192027876641,9.498065743497223,9.517141839763621,0.08972192027876641,0.49806574349722293,9.517141839763621
5.4999999999999964,0.1,0.0,-0.028294926925017033,-0.028294926925017033,0.0,0.005276236217442027,0.005276236217442027,1.0,0.0,0.0,1.0,0.0,0.0,0.0,1.5,10.5,9.5,0.5,0.5,10.5,9.5,9.5,4.549957835428462,0.5087756343528897,0.49947072330945336,-0.7575891626335712,9.50882973246337,9.513686572426266,0.08972192027949664,9.498065741130235,9.517141866074077,0.08972192027949664,0.4980657411302343,9.517141866074077
5.599999999999996,0.1,0.0,-0.026395060346281682,-0.026395060346281682,0.0,0.004918073194643365,0.004918073194643365,1.0,0.0,0.0,1.0,0.0,0.0,0.0,1.5,10.5,9.5,0.5,0.5,10.5,9.5,9.5,4.560864508053245,0.5087970865009086,0.49960618654486505,-0.7596253633961145,9.508848331269817,9.513668973091207,0.08972192027995536,9.498065739230118,9.517141887194992,0.08972192027995536,0.49806573923011793,9.517141887194992
5.699999999999996,0.1,0.0,-0.024622726092368364,-0.024622726092368364,0.0,0.0045842162103706665,0.0045842162103706665,1.0,0.0,0.0,1.0,0.0,0.0,0.0,1.5,10.5,9.5,0.5,0.5,10.5,9.5,9.5,4.571038980230969,0.5088157632652275,0.49973276001935324,-0.761523367023922,9.50886563359612,9.513652532179607,0.08972192028024345,9.498065737704787,9.517141904149966,0.08972192028024345,0.4980657377047863,9.517141904149966
5.799999999999995,0.1,0.0,-0.022969374407905672,-0.022969374407905672,0.0,0.004273017960219892,0.004273017960219892,1.0,0.0,0.0,1.0,0.0,0.0,0.0,1.5,10.5,9.5,0.5,0.5,10.5,9.5,9.5,4.580530360643328,0.5088320225853192,0.4998510015421223,-0.76329254404704,9.508881731897631,9.513637176064812,0.08972192028042453,9.498065736480315,9.517141917760698,0.08972192028042453,0.4980657364803155,9.517141917760698
5.899999999999995,0.1,0.0,-0.02142702513233265,-0.02142702513233265,0.0,0.003982942089965141,0.003982942089965141,1.0,0.0,0.0,1.0,0.0,0.0,0.0,1.5,10.5,9.5,0.5,0.5,10.5,9.5,9.5,4.589384479179646,0.5088461765282913,0.499961438912291,-0.7649416324719875,9.508896711778672,9.5136228354049,0.08972192028053823,9.498065735497363,9.517141928686817,0.08972192028053823,0.49806573549736277,9.517141928686817
5.999999999999995,0.1,0.0,-0.019988230908834285,-0.019988230908834285,0.0,0.003712555944826546,0.003712555944826546,1.0,0.0,0.0,1.0,0.0,0.0,0.0,1.5,10.5,9.5,0.5,0.5,10.5,9.5,9.5,4.597644101033863,0.5088584970914841,0.500064570507032,-0.7664787795640745,9.508910652528805,9.513609444958592,0.08972192028060966,9.498065734708291,9.51714193745784,0.08972192028060966,0.49806573470829035,9.51714193745784
6.099999999999994,0.1,0.0,-0.018646042393582047,-0.018646042393582047,0.0,0.003460523720756673,0.003460523720756673,1.0,0.0,0.0,1.0,0.0,0.0,0.0,1.5,10.5,9.5,0.5,0.5,10.5,9.5,9.5,4.605349128381899,0.5088692212915762,0.5001608661068511,-0.767911581164573,9.50892362761502,9.513596943396331,0.08972192028065454,9.498065734074856,9.517141944498844,0.08972192028065454,0.49806573407485666,9.517141944498844
6.199999999999994,0.1,0.0,-0.01739397548316301,-0.01739397548316301,0.0,0.003225600019525227,0.003225600019525227,1.0,0.0,0.0,1.0,0.0,0.0,0.0,1.5,10.5,9.5,0.5,0.5,10.5,9.5,9.5,4.612536789842738,0.5088785556222037,0.5002507678874777,-0.7692471185908524,9.508935705133263,9.513585273110053,0.08972192028068272,9.498065733566364,9.517141950151064,0.08972192028068272,0.49806573356636313,9.517141950151064
6.299999999999994,0.1,0.0,-0.016225980527154935,-0.016225980527154935,0.0,0.00300662379978723,0.00300662379978723,1.0,0.0,0.0,1.0,0.0,0.0,0.0,1.5,10.5,9.5,0.5,0.5,10.5,9.5,9.5,4.619241818116171,0.5088866799543654,0.5003346915236513,-0.7704919932026779,9.508946948222595,9.513574380024156,0.08972192028070043,9.498065733158166,9.517141954688425,0.08972192028070043,0.4980657331581662,9.517141954688425
6.399999999999993,0.1,0.0,-0.015136413461993427,-0.015136413461993427,0.0,0.002802512710558325,0.002802512710558325,1.0,0.0,0.0,1.0,0.0,0.0,0.0,1.5,10.5,9.5,0.5,0.5,10.5,9.5,9.5,4.625496616301556,0.5088937509463342,0.5004130273624989,-0.7716523587381906,9.508957415445158,9.51356421340967,0.08972192028071156,9.498065732830483,9.517141958330827,0.08972192028071156,0.4980657328304831,9.517141958330827
6.499999999999993,0.1,0.0,-0.014120008784174206,-0.014120008784174206,0.0,0.0026122577901790327,0.0026122577901790327,1.0,0.0,0.0,1.0,0.0,0.0,0.0,1.5,10.5,9.5,0.5,0.5,10.5,9.5,9.5,4.631331413461294,0.508899905022637,0.5004861416339685,-0.7727339515336891,9.508967161134889,9.513554725702903,0.08972192028071851,9.498065732567433,9.51714196125479,0.08972192028071851,0.49806573256743303,9.51714196125479
6.5999999999999925,0.1,0.0,-0.013171854271188967,-0.013171854271188967,0.0,0.0024349185120881474,0.0024349185120881474,1.0,0.0,0.0,1.0,0.0,0.0,0.0,1.5,10.5,9.5,0.5,0.5,10.5,9.5,9.5,4.636774410018225,0.5089052609750231,0.5005543776734658,-0.7737421187455658,9.508976235717729,9.513545872329683,0.08972192028072302,9.498065732356268,9.517141963602025,0.08972192028072302,0.49806573235626767,9.517141963602025
6.699999999999992,0.1,0.0,-0.012287367354449536,-0.012287367354449536,0.0,0.002269618158040793,0.002269618158040793,1.0,0.0,0.0,1.0,0.0,0.0,0.0,1.5,10.5,9.5,0.5,0.5,10.5,9.5,9.5,4.6418519135793455,0.50890992223226,0.5006180571378994,-0.7746818446928322,9.5089846860058,9.51353761153578,0.0897219202807258,9.498065732186753,9.517141965486285,0.0897219202807258,0.49806573218675304,9.517141965486285
6.799999999999992,0.1,0.0,-0.011462273047933624,-0.011462273047933624,0.0,0.002115539499372611,0.002115539499372611,1.0,0.0,0.0,1.0,0.0,0.0,0.0,1.5,10.5,9.5,0.5,0.5,10.5,9.5,9.5,4.646588465767616,0.5089139788401029,0.5006774812011074,-0.7755577754361371,9.508992555467874,9.513529904224056,0.08972192028072731,9.498065732050675,9.51714196699889,0.08972192028072731,0.49806573205067395,9.51714196699889
6.8999999999999915,0.1,0.0,-0.010692583338017437,-0.010692583338017437,0.0,0.001971920767329215,0.001971920767329215,1.0,0.0,0.0,1.0,0.0,0.0,0.0,1.5,10.5,9.5,0.5,0.5,10.5,9.5,9.5,4.651006960624189,0.5089175091878346,0.5007329317183806,-0.7763742417050675,9.508999884478186,9.51352271379856,0.0897219202807287,9.498065731941436,9.517141968213144,0.0897219202807287,0.4980657319414354,9.517141968213144
6.999999999999991,0.1,0.0,-0.009974577943113613,-0.009974577943113613,0.0,0.0018380518941450716,0.0018380518941450716,1.0,0.0,0.0,1.0,0.0,0.0,0.0,1.5,10.5,9.5,0.5,0.5,10.5,9.5,9.5,4.655128755119046,0.508920581513366,0.5007846723527472,-0.7771352802804679,9.509006710545487,9.513516006015761,0.08972192028072933,9.498065731853744,9.517141969187897,0.08972192028072933,0.49806573185374337,9.517141969187897
7.099999999999991,0.1,0.0,-0.009304786355693343,-0.009304786355693343,0.0,0.0017132710073904929,0.0017132710073904929,1.0,0.0,0.0,1.0,0.0,0.0,0.0,1.5,10.5,9.5,0.5,0.5,10.5,9.5,9.5,4.658973772280913,0.5089232552149672,0.5008329496579823,-0.7778446539329975,9.509013068524045,9.513509748842894,0.08972192028072933,9.498065731783347,9.517141969970385,0.08972192028072933,0.4980657317833479,9.517141969970385
7.19999999999999,0.1,0.0,-0.008679971083675714,-0.008679971083675714,0.0,1.0,-1.0,1.0,0.0,0.0,1.0,0.0,0.0,0.0,1.5,10.5,9.5,0.5,0.5,10.5,9.5,9.5,4.662560597429173,0.5089255819942232,0.5008779941151026,-0.7785058700134467,9.509018990808151,9.513503912323417,0.08972192028072933,9.498065731726838,9.517141970598535,0.08972192028072933,0.49806573172683744,9.517141970598535
7.29999999999999,0.1,0.0,-0.008097112012741974,-0.008097112012741974,0.0,1.0,-1.0,1.0,0.0,0.0,1.0,0.0,0.0,0.0,1.5,10.5,9.5,0.5,0.5,10.5,9.5,9.5,4.665906567962186,0.5089276068517492,0.500920021120497,-0.7788123982661594,9.512321825706936,9.516845727310415,0.08972192028072933,9.498065731681473,9.517141971102786,0.08972192028072933,0.4980657316814732,9.517141971102786
7.39999999999999,0.1,0.0,-0.007553391815734374,-0.007553391815734374,0.0,1.0,-1.0,1.0,0.0,0.0,1.0,0.0,0.0,0.0,1.5,10.5,9.5,0.5,0.5,10.5,9.5,9.5,4.669027857128844,0.5089293689544944,0.5009592319249196,-0.7789995107516143,9.517508936264305,9.522097164400426,0.08972192028072933,9.498065731645056,9.517141971507577,0.08972192028072933,0.4980657316450568,9.517141971507577
7.499999999999989,0.1,0.0,-0.007046182339778688,-0.007046182339778688,0.0,1.0,-1.0,1.0,0.0,0.0,1.0,0.0,0.0,0.0,1.5,10.5,9.5,0.5,0.5,10.5,9.5,9.5,4.671939552183305,0.5089309023910934,0.500995814523385,-0.7791170786993075,9.524060178573148,9.528729826867686,0.08972192028072933,9.498065731615823,9.517141971832528,0.08972192028072933,0.4980657316158232,9.517141971832528
7.599999999999989,0.1,0.0,-0.006573031906139963,-0.006573031906139963,0.0,1.0,-1.0,1.0,0.0,0.0,1.0,0.0,0.0,0.0,1.5,10.5,9.5,0.5,0.5,10.5,9.5,9.5,4.674655727297375,0.5089322368296407,0.5010299444966236,-0.7791909595130577,9.531706698715949,9.536471070332873,0.08972192028072933,9.498065731592355,9.517141972093382,0.08972192028072933,0.49806573159235573,9.517141972093382
7.699999999999989,0.1,0.0,-0.006131653461961349,-0.006131653461961349,0.0,1.0,-1.0,1.0,0.0,0.0,1.0,0.0,0.0,0.0,1.5,10.5,9.5,0.5,0.5,10.5,9.5,9.5,4.677189511580714,0.5089333980904355,0.5010617858052131,-0.7792373918614776,9.540232541319124,9.545102156592593,0.08972192028072933,9.498065731573517,9.517141972302786,0.08972192028072933,0.498065731573517,9.517141972302786
7.799999999999988,0.1,0.0,-0.005719913526980139,-0.005719913526980139,0.0,1.0,-1.0,1.0,0.0,0.0,1.0,0.0,0.0,0.0,1.5,10.5,9.5,0.5,0.5,10.5,9.5,9.5,4.679553152536163,0.5089344086446451,0.5010914915378286,-0.7792665759909781,9.54946429039255,9.554447547377801,0.08972192028072933,9.498065731558395,9.517141972470887,0.08972192028072933,0.4980657315583941,9.517141972470887
7.899999999999988,0.1,0.0,-0.005335821882038391,-0.005335821882038391,0.0,1.0,-1.0,1.0,0.0,0.0,1.0,0.0,0.0,0.0,1.5,10.5,9.5,0.5,0.5,10.5,9.5,9.5,4.681758075255769,0.5089352880484395,0.5011192046152873,-0.7792849203535536,9.559262712763264,9.564366349929431,0.08972192028072933,9.498065731546253,9.517141972605831,0.08972192028072933,0.4980657315462541,9.517141972605831
7.999999999999988,0.1,0.0,-0.00497752194972811,-0.00497752194972811,0.0,1.0,-1.0,1.0,0.0,0.0,1.0,0.0,0.0,0.0,1.5,10.5,9.5,0.5,0.5,10.5,9.5,9.5,4.683814937643075,0.5089360533209196,0.5011450584522178,-0.7792964517636,9.569516030632391,9.574745468759684,0.08972192028072933,9.498065731536508,9.517141972714159,0.08972192028072933,0.4980657315365086,9.517141972714159
8.099999999999987,0.1,0.0,-0.004643281820770259,-0.004643281820770259,0.0,1.0,-1.0,1.0,0.0,0.0,1.0,0.0,0.0,0.0,1.5,10.5,9.5,0.5,0.5,10.5,9.5,9.5,4.685733681928012,0.5089367192731028,0.5011691775782747,-0.7793037008186057,9.580134512267477,9.585494116865801,0.08972192028072933,9.498065731528685,9.517141972801118,0.08972192028072933,0.49806573152868533,9.517141972801118
8.199999999999987,0.1,0.0,-0.004331485882844473,-0.004331485882844473,0.0,1.0,-1.0,1.0,0.0,0.0,1.0,0.0,0.0,0.0,1.5,10.5,9.5,0.5,0.5,10.5,9.5,9.5,4.687523582723156,0.5089372987942864,0.5011916782208637,-0.7793082579943564,9.591046125735193,9.596539413421617,0.08972192028072933,9.498065731522406,9.517141972870927,0.08972192028072933,0.49806573152240513,9.517141972870927
8.299999999999986,0.1,0.0,-0.004040627011447542,-0.004040627011447542,0.0,1.0,-1.0,1.0,0.0,0.0,1.0,0.0,0.0,0.0,1.5,10.5,9.5,0.5,0.5,10.5,9.5,9.5,4.689193291853391,0.5089378031013031,0.5012126688513566,-0.7793111229804887,9.602193048268353,9.607822851405516,0.08972192028072933,9.498065731517364,9.517141972926966,0.08972192028072933,0.49806573151736366,9.517141972926966
8.399999999999986,0.1,0.0,-0.003769299285073575,-0.003769299285073575,0.0,1.0,-1.0,1.0,0.0,0.0,1.0,0.0,0.0,0.0,1.5,10.5,9.5,0.5,0.5,10.5,9.5,9.5,4.690750880175467,0.5089382419554698,0.5012322506967517,-0.7793129241691108,9.613528863520276,9.619297462568577,0.08972192028072933,9.498065731513316,9.517141972971952,0.08972192028072933,0.4980657315133166,9.517141972971952
8.499999999999986,0.1,0.0,-0.003516191189535924,-0.003516191189535924,0.0,1.0,-1.0,1.0,0.0,0.0,1.0,0.0,0.0,0.0,1.5,10.5,9.5,0.5,0.5,10.5,9.5,9.5,4.692203876589646,0.5089386238514093,0.5012505182187016,-0.7793140565794653,9.6250163114624,9.630925541766603,0.08972192028072933,9.498065731510067,9.517141973008064,0.08972192028072933,0.4980657315100678,9.517141973008064
8.599999999999985,0.1,0.0,-0.0032800792785749725,-0.0032800792785749725,0.0,1.0,-1.0,1.0,0.0,0.0,1.0,0.0,0.0,0.0,1.5,10.5,9.5,0.5,0.5,10.5,9.5,9.5,4.693559304431739,0.5089389561813908,0.501267559561773,-0.7793147685382676,9.636625482091391,9.64267682015678,0.08972192028072933,9.49806573150746,9.517141973037054,0.08972192028072933,0.49806573150745975,9.517141973037054
8.699999999999985,0.1,0.0,-0.0030598222601521397,-0.0030598222601521397,0.0,1.0,-1.0,1.0,0.0,0.0,1.0,0.0,0.0,0.0,1.5,10.5,9.5,0.5,0.5,10.5,9.5,9.5,4.694823715421565,0.5089392453783563,0.5012834569727426,-0.7793152161598608,9.648332365463135,9.654526998669056,0.08972192028072933,9.498065731505367,9.517141973060326,0.08972192028072933,0.49806573150536615,9.517141973060326
8.799999999999985,0.1,0.0,-0.002854355479825278,-0.002854355479825278,0.0,1.0,-1.0,1.0,0.0,0.0,1.0,0.0,0.0,0.0,1.5,10.5,9.5,0.5,0.5,10.5,9.5,9.5,4.696003221331806,0.5089394970403974,0.5012982871926586,-0.7793154975904597,9.660117687779254,9.666456570682305,0.08972192028072933,9.498065731503685,9.517141973079008,0.08972192028072933,0.4980657315036855,9.517141973079008
8.899999999999984,0.1,0.0,-0.002662685774560288,-0.002662685774560288,0.0,1.0,-1.0,1.0,0.0,0.0,1.0,0.0,0.0,0.0,1.5,10.5,9.5,0.5,0.5,10.5,9.5,9.5,4.697103523530331,0.5089397160390859,0.5013121218233241,-0.7793156745340802,9.671965977096601,9.678449876869642,0.08972192028072933,9.498065731502336,9.517141973094004,0.08972192028072933,0.49806573150233635,9.517141973094004
8.999999999999984,0.1,0.0,-0.0024838866721034313,-0.0024838866721034313,0.0,1.0,-1.0,1.0,0.0,0.0,1.0,0.0,0.0,0.0,1.5,10.5,9.5,0.5,0.5,10.5,9.5,9.5,4.69812994053881,0.5089399066137512,0.5013250276697783,-0.7793157857843718,9.683864813356639,9.690494346430738,0.08972192028072933,9.498065731501253,9.517141973106042,0.08972192028072933,0.49806573150125333,9.517141973106042
9.099999999999984,0.1,0.0,-0.002317093912706521,-0.002317093912706521,0.0,1.0,-1.0,1.0,0.0,0.0,1.0,0.0,0.0,0.0,1.5,10.5,9.5,0.5,0.5,10.5,9.5,9.5,4.699087433740739,0.5089400724535259,0.5013370670602733,-0.7793158557314428,9.695804226368278,9.702579887958308,0.08972192028072933,9.498065731500384,9.517141973115708,0.08972192028072933,0.49806573150038386,9.517141973115708
9.199999999999983,0.1,0.0,-0.002161501271573111,-0.002161501271573111,0.0,1.0,-1.0,1.0,0.0,0.0,1.0,0.0,0.0,0.0,1.5,10.5,9.5,0.5,0.5,10.5,9.5,9.5,4.699980631363222,0.5089402167687471,0.5013482981451645,-0.7793158997098635,9.707776212553057,9.714698400432889,0.08972192028072933,9.498065731499686,9.517141973123465,0.08972192028072933,0.49806573149968597,9.517141973123465
9.299999999999983,0.1,0.0,-0.0020163566618188952,-0.0020163566618188952,0.0,1.0,-1.0,1.0,0.0,0.0,1.0,0.0,0.0,0.0,1.5,10.5,9.5,0.5,0.5,10.5,9.5,9.5,4.70081385084839,0.508940342353093,0.5013587751760554,-0.7793159273608796,9.71977434702148,9.726843380657566,0.08972192028072933,9.498065731499125,9.517141973129693,0.08972192028072933,0.49806573149912564,9.517141973129693
9.399999999999983,0.1,0.0,-0.0018809584991165927,-0.0018809584991165927,0.0,1.0,-1.0,1.0,0.0,0.0,1.0,0.0,0.0,0.0,1.5,10.5,9.5,0.5,0.5,10.5,9.5,9.5,4.701591119722539,0.5089404516376566,0.5013685487664621,-0.7793159447462386,9.7317934721729,9.73900960811488,0.08972192028072933,9.498065731498675,9.517141973134693,0.08972192028072933,0.4980657314986759,9.517141973134693
9.499999999999982,0.1,0.0,-0.0017546523104606095,-0.0017546523104606095,0.0,1.0,-1.0,1.0,0.0,0.0,1.0,0.0,0.0,0.0,1.5,10.5,9.5,0.5,0.5,10.5,9.5,9.5,4.702316195063984,0.5089405467380027,0.5013776661351865,-0.7793159556771692,9.743829447722266,9.751192891977839,0.08972192028072933,9.498065731498315,9.517141973138706,0.08972192028072933,0.49806573149831485,9.517141973138706
9.599999999999982,0.1,0.0,-0.0016368275706411398,-0.0016368275706411398,0.0,1.0,-1.0,1.0,0.0,0.0,1.0,0.0,0.0,0.0,1.5,10.5,9.5,0.5,0.5,10.5,9.5,9.5,4.702992581663568,0.5089406294951183,0.5013861713335234,-0.7793159625499306,9.755878950035859,9.763389868017551,0.08972192028072933,9.498065731498025,9.517141973141928,0.08972192028072933,0.498065731498025,9.517141973141928
9.699999999999982,0.1,0.0,1.0,-1.0,0.0,1.0,-1.0,1.0,0.0,0.0,1.0,0.0,0.0,0.0,1.5,10.5,9.5,0.5,0.5,10.5,9.5,9.5,4.703623548965786,0.5089407015110488,0.501394105457349,-0.779315966871147,9.767939311048838,9.775597835567003,0.08972192028072933,9.498065731497793,9.517141973144515,0.08972192028072933,0.4980657314977924,9.517141973144515
9.799999999999981,0.1,0.0,1.0,-1.0,0.0,1.0,-1.0,1.0,0.0,0.0,1.0,0.0,0.0,0.0,1.5,10.5,9.5,0.5,0.5,10.5,9.5,9.5,4.703915936185918,0.5136391162528592,0.5013575192719976,-0.7793159695880945,9.78000838895661,9.787814626641033,0.08972192028072933,9.498065731497606,9.51714197314659,0.08972192028072933,0.4980657314976056,9.51714197314659
9.89999999999998,0.1,0.0,1.0,-1.0,0.0,1.0,-1.0,1.0,0.0,0.0,1.0,0.0,0.0,0.0,1.5,10.5,9.5,0.5,0.5,10.5,9.5,9.5,4.704095807135907,0.521104506617707,0.5012972771376711,-0.7793159713097592,9.792205255586637,9.800160770404736,0.08972192028072933,9.498065731497455,9.517141973148272,0.08972192028072933,0.4980657314974543,9.517141973148272
9.99999999999998,0.1,0.0,1.0,-1.0,0.0,1.0,-1.0,1.0,0.0,0.0,1.0,0.0,0.0,0.0,1.5,10.5,9.5,0.5,0.5,10.5,9.5,9.5,4.704207426328784,0.5304441469332888,0.5012217949633565,-0.7793159723788571,9.804286998546612,9.812390381480501,0.08972192028072933,9.498065731497334,9.517141973149606,0.08972192028072933,0.4980657314973342,9.517141973149606
10.09999999999998,0.1,0.0,1.0,-1.0,0.0,1.0,-1.0,1.0,0.0,0.0,1.0,0.0,0.0,0.0,1.5,10.5,9.5,0.5,0.5,10.5,9.5,9.5,4.704277568971721,0.5413387100551,0.5011339545553076,-0.779315973051049,9.816373240963058,9.824624547067536,0.08972192028072933,9.498065731497238,9.517141973150679,0.08972192028072933,0.49806573149723776,9.517141973150679
10.19999999999998,0.1,0.0,1.0,-1.0,0.0,1.0,-1.0,1.0,0.0,0.0,1.0,0.0,0.0,0.0,1.5,10.5,9.5,0.5,0.5,10.5,9.5,9.5,4.704321652009901,0.5534815000227846,0.5010362995164072,-0.7793159734736885,9.828463095350772,9.83686236882389,0.08972192028072933,9.49806573149716,9.517141973151539,0.08972192028072933,0.4980657314971604,9.517141973151539
10.29999999999998,0.1,0.0,1.0,-1.0,0.0,1.0,-1.0,1.0,0.0,0.0,1.0,0.0,0.0,0.0,1.5,10.5,9.5,0.5,0.5,10.5,9.5,9.5,4.704349359548306,0.5666263137246759,0.5009307970944586,-0.7793159737394221,9.840555849274782,9.84910312559837,0.08972192028072933,9.498065731497098,9.51714197315223,0.08972192028072933,0.49806573149709826,9.51714197315223
10.399999999999979,0.1,0.0,1.0,-1.0,0.0,1.0,-1.0,1.0,0.0,0.0,1.0,0.0,0.0,0.0,1.5,10.5,9.5,0.5,0.5,10.5,9.5,9.5,4.704366775775912,0.5805755095211795,0.5008189970707736,-0.7793159739065016,9.852650930822854,9.861346238481167,0.08972192028072933,9.498065731497048,9.517141973152784,0.08972192028072933,0.4980657314970484,9.517141973152784
10.499999999999979,0.1,0.0,1.0,-1.0,0.0,1.0,-1.0,1.0,0.0,0.0,1.0,0.0,0.0,0.0,1.5,10.5,9.5,0.5,0.5,10.5,9.5,9.5,4.704377723758426,0.5951704290228061,0.5007021338508572,-0.7793159740115525,9.864747880888316,9.873591242747901,0.08972192028072933,9.49806573149701,9.517141973153228,0.08972192028072933,0.49806573149700833,9.517141973153228
10.599999999999978,0.1,0.0,1.0,-1.0,0.0,1.0,-1.0,1.0,0.0,0.0,1.0,0.0,0.0,0.0,1.5,10.5,9.5,0.5,0.5,10.5,9.5,9.5,4.704384606052825,0.6102837080025437,0.5005811967148233,-0.7793159740776029,9.876846330919959,9.885837765337484,0.08972192028072933,9.498065731496975,9.517141973153587,0.08972192028072933,0.4980657314969762,9.517141973153587
10.699999999999978,0.1,0.0,1.0,-1.0,0.0,1.0,-1.0,1.0,0.0,0.0,1.0,0.0,0.0,0.0,1.5,10.5,9.5,0.5,0.5,10.5,9.5,9.5,4.704388932662993,0.6258131038803951,0.5004569810207921,-0.7793159741191321,9.888945985060596,9.898085506772254,0.08972192028072933,9.49806573149695,9.517141973153873,0.08972192028072933,0.49806573149695044,9.517141973153873
10.799999999999978,0.1,0.0,1.0,-1.0,0.0,1.0,-1.0,1.0,0.0,0.0,1.0,0.0,0.0,0.0,1.5,10.5,9.5,0.5,0.5,10.5,9.5,9.5,4.704391652698811,0.641676540672631,0.5003301271378373,-0.7793159741452435,9.901046605808697,9.910334226644226,0.08972192028072933,9.49806573149693,9.517141973154104,0.08972192028072933,0.4980657314969297,9.517141973154104
10.899999999999977,0.1,0.0,1.0,-1.0,0.0,1.0,-1.0,1.0,0.0,0.0,1.0,0.0,0.0,0.0,1.5,10.5,9.5,0.5,0.5,10.5,9.5,9.5,4.7043933627589425,0.6578081312810496,0.5002011508855562,-0.7793159741616608,9.91314800250815,9.922583731964052,0.08972192028072933,9.498065731496913,9.517141973154288,0.08972192028072933,0.4980657314969131,9.517141973154288
10.999999999999977,0.1,0.0,1.0,-1.0,0.0,1.0,-1.0,1.0,0.0,0.0,1.0,0.0,0.0,0.0,1.5,10.5,9.5,0.5,0.5,10.5,9.5,9.5,4.704394437876838,0.674154984353942,0.5000704677355327,-0.779315974171984,9.92525002210835,9.934833867808074,0.08972192028072933,9.498065731496899,9.517141973154436,0.08972192028072933,0.49806573149689976,9.517141973154436
11.099999999999977,0.1,0.0,1.0,-1.0,0.0,1.0,-1.0,1.0,0.0,0.0,1.0,0.0,0.0,0.0,1.5,10.5,9.5,0.5,0.5,10.5,9.5,9.5,4.70439511381533,0.6906746409697047,0.4999384122321255,-0.7793159741784742,9.937352541746783,9.947084509810146,0.08972192028072933,9.498065731496888,9.517141973154555,0.08972192028072933,0.49806573149688904,9.517141973154555
11.199999999999976,0.1,0.0,1.0,-1.0,0.0,1.0,-1.0,1.0,0.0,0.0,1.0,0.0,0.0,0.0,1.5,10.5,9.5,0.5,0.5,10.5,9.5,9.5,4.704395538790341,0.7073330169158941,0.4998052536488402,-0.7793159741825556,9.949455462794651,9.959335558134406,0.08972192028072933,9.498065731496881,9.51714197315465,0.08972192028072933,0.49806573149688044,9.51714197315465
11.299999999999976,0.1,0.0,1.0,-1.0,0.0,1.0,-1.0,1.0,0.0,0.0,1.0,0.0,0.0,0.0,1.5,10.5,9.5,0.5,0.5,10.5,9.5,9.5,4.7043958059825,0.7241027508389062,0.49967120863386505,-0.7793159741851212,9.96155870607695,9.97158693263686,0.08972192028072933,9.498065731496874,9.517141973154727,0.08972192028072933,0.4980657314968735,9.517141973154727
11.399999999999975,0.1,0.0,1.0,-1.0,0.0,1.0,-1.0,1.0,0.0,0.0,1.0,0.0,0.0,0.0,1.5,10.5,9.5,0.5,0.5,10.5,9.5,9.5,4.704395973974012,0.7409618782092592,0.49953645142793557,-0.7793159741867345,9.973662208035352,9.983838568981316,0.08972192028072933,9.498065731496869,9.51714197315479,0.08972192028072933,0.49806573149686795,9.51714197315479
11.499999999999975,0.1,0.0,1.0,-1.0,0.0,1.0,-1.0,1.0,0.0,0.0,1.0,0.0,0.0,0.0,1.5,10.5,9.5,0.5,0.5,10.5,9.5,9.5,4.704396079595822,0.7578927668376747,0.4994011221177319,-0.7793159741877488,9.985765917647939,9.996090415521406,0.08972192028072933,9.498065731496864,9.517141973154839,0.08972192028072933,0.4980657314968635,9.517141973154839
11.599999999999975,0.1,0.0,1.0,-1.0,0.0,1.0,-1.0,1.0,0.0,0.0,1.0,0.0,0.0,0.0,1.5,10.5,9.5,0.5,0.5,10.5,9.5,9.5,4.7043961460040675,0.7748812623529105,0.49926533329795575,-0.7793159741883863,9.997869793956477,10.00834243079762,0.08972192028072933,9.49806573149686,9.517141973154878,0.08972192028072933,0.49806573149685995,9.517141973154878
11.699999999999974,0.1,0.0,1.0,-1.0,0.0,1.0,-1.0,1.0,0.0,0.0,1.0,0.0,0.0,0.0,1.5,10.5,9.5,0.5,0.5,10.5,9.5,9.5,4.704396187757488,0.7919160022278767,0.499129175444687,-0.7793159741887872,10.009973804081442,10.02059458152803,0.08972192028072933,9.498065731496856,9.51714197315491,0.08972192028072933,0.49806573149685707,9.51714197315491
11.799999999999974,0.1,0.0,1.0,-1.0,0.0,1.0,-1.0,1.0,0.0,0.0,1.0,0.0,0.0,0.0,1.5,10.5,9.5,0.5,0.5,10.5,9.5,9.5,4.704396214009559,0.8089878651090854,0.4989927212459741,-0.7793159741890392,10.022077921628547,10.032846840995312,0.08972192028072933,9.498065731496855,9.517141973154935,0.08972192028072933,0.4980657314968548,9.517141973154935
11.899999999999974,0.1,0.0,1.0,-1.0,0.0,1.0,-1.0,1.0,0.0,0.0,1.0,0.0,0.0,0.0,1.5,10.5,9.5,0.5,0.5,10.5,9.5,9.5,4.704396230515346,0.8260895287618208,0.4988560290895811,-0.7793159741891975,10.034182125409583,10.045099187751934,0.08972192028072933,9.498065731496853,9.517141973154956,0.08972192028072933,0.4980657314968529,9.517141973154956
11.999999999999973,0.1,0.0,1.0,-1.0,0.0,1.0,-1.0,1.0,0.0,0.0,1.0,0.0,0.0,0.0,1.5,10.5,9.5,0.5,0.5,10.5,9.5,9.5,4.704396240893252,0.8432151152073661,0.4987191458702253,-0.7793159741892971,10.046286398415553,10.05735160458073,0.08972192028072933,9.498065731496851,9.517141973154972,0.08972192028072933,0.49806573149685146,9.517141973154972
12.099999999999973,0.1,0.0,1.0,-1.0,0.0,1.0,-1.0,1.0,0.0,0.0,1.0,0.0,0.0,0.0,1.5,10.5,9.5,0.5,0.5,10.5,9.5,9.5,4.704396247418303,0.8603599058542842,0.49858210924792534,-0.7793159741893604,10.058390726992357,10.06960407766049,0.08972192028072933,9.498065731496851,9.517141973154986,0.08972192028072933,0.49806573149685024,9.517141973154986
12.199999999999973,0.1,0.0,1.0,-1.0,0.0,1.0,-1.0,1.0,0.0,0.0,1.0,0.0,0.0,0.0,1.5,10.5,9.5,0.5,0.5,10.5,9.5,9.5,4.704396251520895,0.8775201128179404,0.49844494946401086,-0.7793159741893995,10.070495100179068,10.081856595896133,0.08972192028072933,9.49806573149685,9.517141973154997,0.08972192028072933,0.4980657314968493,9.517141973154997
12.299999999999972,0.1,0.0,1.0,-1.0,0.0,1.0,-1.0,1.0,0.0,0.0,1.0,0.0,0.0,0.0,1.5,10.5,9.5,0.5,0.5,10.5,9.5,9.5,4.704396254100384,0.8946926953455463,0.49830769080092846,-0.7793159741894243,10.082599509176717,10.094109150381001,0.08972192028072933,9.49806573149685,9.517141973155004,0.08972192028072933,0.4980657314968485,9.517141973155004
12.399999999999972,0.1,0.0,1.0,-1.0,0.0,1.0,-1.0,1.0,0.0,0.0,1.0,0.0,0.0,0.0,1.5,10.5,9.5,0.5,0.5,10.5,9.5,9.5,4.704396255722232,0.911875212449996,0.498170352755382,-0.7793159741894391,10.094703946921863,10.106361733965208,0.08972192028072933,9.498065731496848,9.517141973155011,0.08972192028072933,0.4980657314968479,9.517141973155011
12.499999999999972,0.1,0.0,1.0,-1.0,0.0,1.0,-1.0,1.0,0.0,0.0,1.0,0.0,0.0,0.0,1.5,10.5,9.5,0.5,0.5,10.5,9.5,9.5,4.704396256741964,0.9290657046105797,0.4980329509808887,-0.7793159741894502,10.106808407744278,10.118614340909128,0.08972192028072933,9.498065731496848,9.517141973155017,0.08972192028072933,0.4980657314968474,9.517141973155017
12.599999999999971,0.1,0.0,1.0,-1.0,0.0,1.0,-1.0,1.0,0.0,0.0,1.0,0.0,0.0,0.0,1.5,10.5,9.5,0.5,0.5,10.5,9.5,9.5,4.704396257383122,0.9462625988073439,0.4978954980449353,-0.7793159741894589,10.118912887092147,10.130866966605229,0.08972192028072933,9.498065731496848,9.517141973155022,0.08972192028072933,0.498065731496847,9.517141973155022
12.69999999999997,0.1,0.0,1.0,-1.0,0.0,1.0,-1.0,1.0,0.0,0.0,1.0,0.0,0.0,0.0,1.5,10.5,9.5,0.5,0.5,10.5,9.5,9.5,4.704396257786244,0.9634646322867152,0.49775800403711773,-0.7793159741894589,10.13101738131146,10.14311960735479,0.08972192028072933,9.498065731496848,9.517141973155026,0.08972192028072933,0.4980657314968467,9.517141973155026
12.79999999999997,0.1,0.0,1.0,-1.0,0.0,1.0,-1.0,1.0,0.0,0.0,1.0,0.0,0.0,0.0,1.5,10.5,9.5,0.5,0.5,10.5,9.5,9.5,4.70439625803971,0.9806707913637857,0.4976204770575341,-0.7793159741894589,10.143121887468938,10.155372260188624,0.08972192028072933,9.498065731496846,9.517141973155027,0.08972192028072933,0.49806573149684646,9.517141973155027
12.89999999999997,0.1,0.0,1.0,-1.0,0.0,1.0,-1.0,1.0,0.0,0.0,1.0,0.0,0.0,0.0,1.5,10.5,9.5,0.5,0.5,10.5,9.5,9.5,4.704396258199073,0.9978802622953853,0.4974829236089765,-0.7793159741894589,10.155226403209868,10.167624922723201,0.08972192028072933,9.498065731496846,9.51714197315503,0.08972192028072933,0.49806573149684624,9.51714197315503
12.99999999999997,0.1,0.0,1.0,-1.0,0.0,1.0,-1.0,1.0,0.0,0.0,1.0,0.0,0.0,0.0,1.5,10.5,9.5,0.5,0.5,10.5,9.5,9.5,4.704396258299272,1.0150923918430759,0.4973453489118478,-0.7793159741894589,10.167330926643984,10.179877593045124,0.08972192028072933,9.498065731496846,9.517141973155033,0.08972192028072933,0.4980657314968461,9.517141973155033
13.09999999999997,0.1,0.0,1.0,-1.0,0.0,1.0,-1.0,1.0,0.0,0.0,1.0,0.0,0.0,0.0,1.5,10.5,9.5,0.5,0.5,10.5,9.5,9.5,4.704396258362269,1.0323066556147964,0.49720775715701515,-0.7793159741894589,10.179435456253866,10.192130269618394,0.08972192028072933,9.498065731496846,9.517141973155034,0.08972192028072933,0.49806573149684596,9.517141973155034
13.199999999999969,0.1,0.0,0.8986804825935097,-1.0,0.0,1.0,-1.0,1.0,0.0,0.0,1.0,0.0,0.0,0.0,1.5,10.5,9.5,0.5,0.5,10.5,9.5,9.5,4.704396258401881,1.0495226326508824,0.497070151708823,-0.7793159741894589,10.191539990821388,10.20438295120998,0.08972192028072933,9.498065731496846,9.517141973155034,0.08972192028072933,0.49806573149684585,9.517141973155034
13.299999999999969,0.1,0.0,0.5586928894316328,-1.0,0.0,1.0,-1.0,1.0,0.0,0.0,1.0,0.0,0.0,0.0,1.5,10.5,9.5,0.5,0.5,10.5,9.5,9.5,4.71420332884375,1.0665027079518041,0.49712815429797014,-0.7793159741894589,10.203644529368693,10.21663563683006,0.08972192028072933,9.498065731496846,9.517141973155036,0.08972192028072933,0.49806573149684574,9.517141973155036
13.399999999999968,0.1,0.0,1.0,-1.0,0.0,1.0,-1.0,1.0,0.0,0.0,1.0,0.0,0.0,0.0,1.5,10.5,9.5,0.5,0.5,10.5,9.5,9.5,4.760055056663868,1.0825300038614336,0.4980506306740816,-0.7793159741894589,10.2157490711108,10.228888325684043,0.08972192028072933,9.498065731496846,9.517141973155036,0.08972192028072933,0.4980657314968457,9.517141973155036
13.499999999999968,0.1,0.0,1.0,-1.0,0.0,1.0,-1.0,1.0,0.0,0.0,1.0,0.0,0.0,0.0,1.5,10.5,9.5,0.5,0.5,10.5,9.5,9.5,4.775501198448795,1.0990220468335634,0.49918407593156866,-0.7793159741894589,10.227853615417557,10.241141017134066,0.08972192028072933,9.498065731496846,9.517141973155038,0.08972192028072933,0.49806573149684563,9.517141973155038
13.599999999999968,0.1,0.0,1.0,-1.0,0.0,1.0,-1.0,1.0,0.0,0.0,1.0,0.0,0.0,0.0,1.5,10.5,9.5,0.5,0.5,10.5,9.5,9.5,4.784508747451902,1.1156891268049225,0.5004306139726908,-0.7793159741894589,10.239958161783106,10.253393710668076,0.08972192028072933,9.498065731496846,9.517141973155038,0.08972192028072933,0.4980657314968456,9.517141973155038
13.699999999999967,0.1,0.0,1.0,-1.0,0.0,1.0,-1.0,1.0,0.0,0.0,1.0,0.0,0.0,0.0,1.5,10.5,9.5,0.5,0.5,10.5,9.5,9.5,4.790172069019183,1.1324502637770832,0.5017633855415131,-0.7793159741894589,10.252062709801367,10.265646405875026,0.08972192028072933,9.498065731496846,9.517141973155038,0.08972192028072933,0.4980657314968456,9.517141973155038
13.799999999999967,0.1,0.0,1.0,-1.0,0.0,1.0,-1.0,1.0,0.0,0.0,1.0,0.0,0.0,0.0,1.5,10.5,9.5,0.5,0.5,10.5,9.5,9.5,4.793732775207492,1.149287801742197,0.5031525057388004,-0.7793159741894589,10.264167259146353,10.277899102424941,0.08972192028072933,9.498065731496846,9.517141973155038,0.08972192028072933,0.4980657314968455,9.517141973155038
13.899999999999967,0.1,0.0,1.0,-1.0,0.0,1.0,-1.0,1.0,0.0,0.0,1.0,0.0,0.0,0.0,1.5,10.5,9.5,0.5,0.5,10.5,9.5,9.5,4.7959715141293495,1.1661873016118918,0.5045785872467922,-0.7793159741894589,10.276271809556379,10.290151800052929,0.08972192028072933,9.498065731496846,9.517141973155038,0.08972192028072933,0.4980657314968455,9.517141973155038
13.999999999999966,0.1,0.0,1.0,-1.0,0.0,0.9089793702941018,-0.9213566866839458,1.0,0.0,0.0,1.0,0.0,0.0,0.0,1.5,10.5,9.5,0.5,0.5,10.5,9.5,9.5,4.797379092816527,1.1831369673530723,0.5060290475642059,-0.7793159741894589,10.288376360821374,10.30240449854635,0.08972192028072933,9.498065731496846,9.51714197315504,0.08972192028072933,0.49806573149684547,9.51714197315504
14.099999999999966,0.1,0.0,1.0,-1.0,0.0,0.7660214051456022,-0.7791348391182167,1.0,0.0,0.0,1.0,0.0,0.0,0.0,1.5,10.5,9.5,0.5,0.5,10.5,9.5,9.5,4.798264093197941,1.2001271842963601,0.5074957048270243,-0.7781179101669874,10.3001840125538,10.314390200518561,0.08972192028072933,9.498065731496846,9.51714197315504,0.08972192028072933,0.49806573149684547,9.51714197315504
14.199999999999966,0.1,0.0,0.9352553718447297,-0.9712868821803285,0.0,0.642686024973702,-0.6570256751966647,1.0,0.0,0.0,1.0,0.0,0.0,0.0,1.5,10.5,9.5,0.5,0.5,10.5,9.5,9.5,4.798820529520857,1.217150135707801,0.5089732200964139,-0.7764658891829938,10.311340622455829,10.32575731016243,0.08972192028072933,9.498065731496846,9.51714197315504,0.08972192028072933,0.49806573149684547,9.51714197315504
14.299999999999965,0.1,0.0,0.8072458278902592,-0.8456430280687304,0.0,0.5397463692938594,-0.555553558510563,1.0,0.0,0.0,1.0,0.0,0.0,0.0,1.5,10.5,9.5,0.5,0.5,10.5,9.5,9.5,4.802658035790603,1.2339746878626312,0.5105075970089106,-0.7744514469665508,10.321686391156796,10.336345509470656,0.08972192028072933,9.498065731496846,9.51714197315504,0.08972192028072933,0.49806573149684547,9.51714197315504
14.399999999999965,0.1,0.0,0.703328754544519,-0.745496534737635,0.0,0.4555450480479862,-0.47302595447906476,1.0,0.0,0.0,1.0,0.0,0.0,0.0,1.5,10.5,9.5,0.5,0.5,10.5,9.5,9.5,4.807708656027381,1.2500940706998869,0.5120685332629856,-0.7721049012505045,10.331154993273648,10.346087183503034,0.08972192028072933,9.498065731496846,9.51714197315504,0.08972192028072933,0.49806573149684547,9.51714197315504
14.499999999999964,0.1,0.0,0.6216885574075661,-0.6683502657689606,0.0,0.3876225641702457,-0.40696808315571803,1.0,0.0,0.0,1.0,0.0,0.0,0.0,1.5,10.5,9.5,0.5,0.5,10.5,9.5,9.5,4.81375888170651,1.265314620213853,0.5136436716336088,-0.7694333783545487,10.339737566374385,10.35497127786612,0.08972192028072933,9.498065731496846,9.51714197315504,0.08972192028072933,0.49806573149684547,9.51714197315504
