time,step-size,{Controller}.ControllerInstance.servoLeft,{Controller}.ControllerInstance.servoRight,{DesiredPosition}.DesiredPositionInstance.xDesired,{DesiredPosition}.DesiredPositionInstance.yDesired,{Robot}.RobotInstance.robot_theta,{Robot}.RobotInstance.robot_x,{Robot}.RobotInstance.robot_y
0.0,0.0,0.0,0.0,0.0,0.0,0.0,0.0,0.0
0.1,0.1,-0.2552543962467425,-0.2552543962467425,1.5,0.5,1.57,0.5,0.5
0.2,0.1,0.0,0.0,1.5,0.5,1.6194963286763564,0.5000141886148018,0.49939174696672095
0.30000000000000004,0.1,0.0,0.0,1.5,0.5,1.6352652649929698,0.5000259243243846,0.49918341444985886
0.4,0.1,0.0,0.0,1.5,0.5,1.644358551618002,0.5000339005797161,0.4990685413935608
0.5,0.1,0.0,0.0,1.5,0.5,1.6500708697221687,0.5000394616424246,0.49899641815994505
0.6,0.1,0.0,0.0,1.5,0.5,1.653659267041506,0.5000431763956772,0.49895112893377597
0.7,0.1,0.0,0.0,1.5,0.5,1.655913447401207,0.5000456007205781,0.49892268645785304
0.7999999999999999,0.1,0.0,0.0,1.5,0.5,1.6573294915690837,0.5000471622200409,0.49890482261773883
0.8999999999999999,0.1,0.0,0.0,1.5,0.5,1.658219030455131,0.5000481605677901,0.4988936023364841
0.9999999999999999,0.1,0.0,0.0,1.5,0.5,1.658777826181982,0.5000487963748244,0.49888655468318777
1.0999999999999999,0.1,0.0,0.0,1.5,0.5,1.6591316046224986,0.5000492038132145,0.49888209319006815
1.2,0.1,0.0,0.0,1.5,0.5,1.6593510923464359,0.5000494596553303,0.49887932550843317
1.3,0.1,0.0,0.0,1.5,0.5,1.659488971425402,0.5000496224920741,0.49887758707958074
1.4000000000000001,0.1,0.0,0.0,1.5,0.5,1.6595755851096579,0.5000497263577423,0.4988764951638156
1.5000000000000002,0.1,0.0,0.0,1.5,0.5,1.6596299945991722,0.5000497928175845,0.49887580934609255
1.6000000000000003,0.1,0.0,0.0,1.5,0.5,1.6596641738697446,0.5000498355204206,0.4988753786102244
1.7000000000000004,0.1,0.0,0.0,1.5,0.5,1.6596856448033517,0.5000498631034546,0.49887510809565183
1.8000000000000005,0.1,0.0,0.0,1.5,0.5,1.659699132539698,0.500049881035881,0.4988749382162055
1.9000000000000006,0.1,0.0,0.0,1.5,0.5,1.659707605344611,0.500049892785344,0.4988748315435582
2.0000000000000004,0.1,0.0,0.0,1.5,0.5,1.6597129278406364,0.5000499005546958,0.4988747645679568
2.1000000000000005,0.1,0.0,0.0,1.5,0.5,1.6597162713572444,0.5000499057469775,0.49887472252262544
2.2000000000000006,0.1,0.0,0.0,1.5,0.5,1.6597183717070154,0.5000499092588273,0.4988746961326471
2.3000000000000007,0.1,0.0,0.0,1.5,0.5,1.6597196911169894,0.5000499116656874,0.4988746795727376
2.400000000000001,0.1,0.0,0.0,1.5,0.5,1.659720519951645,0.5000499133387972,0.49887466918440604
2.500000000000001,0.1,0.0,0.0,1.5,0.5,1.659721040613835,0.5000499145191845,0.4988746626701376
2.600000000000001,0.1,0.0,0.0,1.5,0.5,1.6597213676864473,0.5000499153645325,0.49887465858722546
2.700000000000001,0.1,0.0,0.0,1.5,0.5,1.6597215731488295,0.5000499159789302,0.49887465602983055
2.800000000000001,0.1,0.0,0.0,1.5,0.5,1.6597217022173874,0.5000499164318055,0.4988746544292779
2.9000000000000012,0.1,0.0,0.0,1.5,0.5,1.659721783296427,0.5000499167700151,0.4988746534286231
3.0000000000000013,0.1,0.0,0.0,1.5,0.5,1.6597218342291313,0.5000499170255975,0.4988746528038709
3.1000000000000014,0.1,0.0,0.0,1.5,0.5,1.6597218662243347,0.5000499172207689,0.49887465241449697
3.2000000000000015,0.1,0.0,0.0,1.5,0.5,1.6597218863232683,0.5000499173711626,0.4988746521723756
3.3000000000000016,0.1,0.0,0.0,1.5,0.5,1.6597218989491336,0.5000499174879464,0.4988746520222674
3.4000000000000017,0.1,0.0,0.0,1.5,0.5,1.6597219068805233,0.5000499175792166,0.49887465192956826
3.5000000000000018,0.1,0.0,0.0,1.5,0.5,1.65972191186291,0.5000499176509273,0.49887465187261776
3.600000000000002,0.1,0.0,0.0,1.5,0.5,1.6597219149927747,0.5000499177075155,0.4988746518378712
3.700000000000002,0.1,0.0,0.0,1.5,0.5,1.6597219169589115,0.5000499177523277,0.49887465181686996
3.800000000000002,0.1,0.0,0.0,1.5,0.5,1.6597219181940106,0.5000499177879149,0.4988746518043404
3.900000000000002,0.1,0.0,0.0,1.5,0.5,1.6597219189698824,0.5000499178162403,0.4988746517970017
4.000000000000002,0.1,0.0,0.0,1.5,0.5,1.659721919457274,0.5000499178388265,0.498874651792819
4.100000000000001,0.1,0.0,0.0,1.5,0.5,1.6597219197634467,0.5000499178568619,0.4988746517905345
4.200000000000001,0.1,0.0,0.0,1.5,0.5,1.65972191995578,0.50004991787128,0.49887465178937473
4.300000000000001,0.1,0.0,0.0,1.5,0.5,1.659721920076601,0.5000499178828164,0.49887465178886725
4.4,0.1,0.0,0.0,1.5,0.5,1.659721920152499,0.5000499178920537,0.4988746517887259
4.5,0.1,0.0,0.0,1.5,0.5,1.6597219202001772,0.500049917899454,0.4988746517887796
4.6,0.1,0.0,0.0,1.5,0.5,1.6597219202301279,0.5000499179053853,0.49887465178892765
4.699999999999999,0.1,0.0,0.0,1.5,0.5,1.6597219202489424,0.5000499179101409,0.49887465178911244
4.799999999999999,0.1,0.0,0.0,1.5,0.5,1.6597219202607616,0.5000499179139547,0.49887465178930224
4.899999999999999,0.1,0.0,0.0,1.5,0.5,1.659721920268186,0.500049917917014,0.4988746517894806
4.999999999999998,0.1,0.0,0.0,1.5,0.5,1.6597219202728133,0.5000499179194464,0.49887465178963863
5.099999999999998,0.1,0.0,0.0,1.5,0.5,1.659721920275757,0.5000499179214202,0.4988746517897772
5.1999999999999975,0.1,0.0,0.0,1.5,0.5,1.6597219202776061,0.500049917923004,0.49887465178989493
5.299999999999997,0.1,0.0,0.0,1.5,0.5,1.6597219202787676,0.500049917924275,0.49887465178999346
5.399999999999997,0.1,0.0,0.0,1.5,0.5,1.6597219202794973,0.5000499179252952,0.4988746517900752
5.4999999999999964,0.1,0.0,0.0,1.5,0.5,1.6597219202799558,0.500049917926114,0.49887465179014234
5.599999999999996,0.1,0.0,0.0,1.5,0.5,1.6597219202802436,0.5000499179267711,0.49887465179019724
5.699999999999996,0.1,0.0,0.0,1.5,0.5,1.6597219202804245,0.5000499179272987,0.498874651790242
5.799999999999995,0.1,0.0,0.0,1.5,0.5,1.6597219202805382,0.500049917927722,0.4988746517902783
5.899999999999995,0.1,0.0,0.0,1.5,0.5,1.6597219202806095,0.500049917928062,0.4988746517903077
5.999999999999995,0.1,0.0,0.0,1.5,0.5,1.6597219202806544,0.5000499179283348,0.49887465179033147
6.099999999999994,0.1,0.0,0.0,1.5,0.5,1.6597219202806825,0.5000499179285538,0.4988746517903506
6.199999999999994,0.1,0.0,0.0,1.5,0.5,1.6597219202807003,0.5000499179287295,0.49887465179036605
6.299999999999994,0.1,0.0,0.0,1.5,0.5,1.6597219202807114,0.5000499179288708,0.4988746517903785
6.399999999999993,0.1,0.0,0.0,1.5,0.5,1.6597219202807183,0.500049917928984,0.49887465179038853
6.499999999999993,0.1,0.0,0.0,1.5,0.5,1.659721920280723,0.5000499179290749,0.4988746517903966
6.5999999999999925,0.1,0.0,0.0,1.5,0.5,1.6597219202807256,0.500049917929148,0.498874651790403
6.699999999999992,0.1,0.0,0.0,1.5,0.5,1.6597219202807272,0.5000499179292066,0.49887465179040824
6.799999999999992,0.1,0.0,0.0,1.5,0.5,1.6597219202807285,0.5000499179292536,0.49887465179041246
6.8999999999999915,0.1,0.0,0.0,1.5,0.5,1.6597219202807292,0.5000499179292913,0.4988746517904158
6.999999999999991,0.1,0.0,0.0,1.5,0.5,1.6597219202807292,0.5000499179293217,0.4988746517904185
7.099999999999991,0.1,0.0,0.0,1.5,0.5,1.6597219202807292,0.500049917929346,0.4988746517904207
7.19999999999999,0.1,0.0,0.0,1.5,0.5,1.6597219202807292,0.5000499179293656,0.4988746517904224
7.29999999999999,0.1,0.0,0.0,1.5,0.5,1.6597219202807292,0.5000499179293812,0.4988746517904238
7.39999999999999,0.1,0.0,0.0,1.5,0.5,1.6597219202807292,0.5000499179293938,0.4988746517904249
7.499999999999989,0.1,0.0,0.0,1.5,0.5,1.6597219202807292,0.5000499179294039,0.49887465179042584
7.599999999999989,0.1,0.0,0.0,1.5,0.5,1.6597219202807292,0.500049917929412,0.49887465179042656
7.699999999999989,0.1,0.0,0.0,1.5,0.5,1.6597219202807292,0.5000499179294186,0.4988746517904271
7.799999999999988,0.1,0.0,0.0,1.5,0.5,1.6597219202807292,0.5000499179294238,0.49887465179042756
7.899999999999988,0.1,0.0,0.0,1.5,0.5,1.6597219202807292,0.500049917929428,0.49887465179042795
7.999999999999988,0.1,0.0,0.0,1.5,0.5,1.6597219202807292,0.5000499179294313,0.4988746517904283
8.099999999999987,0.1,0.0,0.0,1.5,0.5,1.6597219202807292,0.5000499179294341,0.4988746517904285
8.199999999999987,0.1,0.0,0.0,1.5,0.5,1.6597219202807292,0.5000499179294362,0.49887465179042867
8.299999999999986,0.1,0.0,0.0,1.5,0.5,1.6597219202807292,0.500049917929438,0.49887465179042884
8.399999999999986,0.1,0.0,0.0,1.5,0.5,1.6597219202807292,0.5000499179294394,0.49887465179042895
8.499999999999986,0.1,0.0,0.0,1.5,0.5,1.6597219202807292,0.5000499179294405,0.49887465179042906
8.599999999999985,0.1,0.0,0.0,1.5,0.5,1.6597219202807292,0.5000499179294414,0.49887465179042917
8.699999999999985,0.1,0.0,0.0,1.5,0.5,1.6597219202807292,0.5000499179294421,0.4988746517904292
8.799999999999985,0.1,0.0,0.0,1.5,0.5,1.6597219202807292,0.5000499179294428,0.4988746517904293
8.899999999999984,0.1,0.0,0.0,1.5,0.5,1.6597219202807292,0.5000499179294432,0.49887465179042934
8.999999999999984,0.1,0.0,0.0,1.5,0.5,1.6597219202807292,0.5000499179294435,0.49887465179042934
9.099999999999984,0.1,0.0,0.0,1.5,0.5,1.6597219202807292,0.5000499179294439,0.4988746517904294
9.199999999999983,0.1,0.0,0.0,1.5,0.5,1.6597219202807292,0.5000499179294441,0.4988746517904294
9.299999999999983,0.1,0.0,0.0,1.5,0.5,1.6597219202807292,0.5000499179294443,0.4988746517904294
9.399999999999983,0.1,0.0,0.0,1.5,0.5,1.6597219202807292,0.5000499179294444,0.49887465179042945
9.499999999999982,0.1,0.0,0.0,1.5,0.5,1.6597219202807292,0.5000499179294445,0.49887465179042945
9.599999999999982,0.1,0.0,0.0,1.5,0.5,1.6597219202807292,0.5000499179294446,0.49887465179042945
9.699999999999982,0.1,0.0,0.0,1.5,0.5,1.6597219202807292,0.5000499179294448,0.49887465179042945
9.799999999999981,0.1,0.0,0.0,1.5,0.5,1.6597219202807292,0.5000499179294448,0.49887465179042945
9.89999999999998,0.1,0.0,0.0,1.5,0.5,1.6597219202807292,0.5000499179294449,0.49887465179042945
9.99999999999998,0.1,0.0,0.0,1.5,0.5,1.6597219202807292,0.5000499179294449,0.49887465179042945
10.09999999999998,0.1,0.0,0.0,1.5,0.5,1.6597219202807292,0.500049917929445,0.49887465179042945
10.19999999999998,0.1,0.0,0.0,1.5,0.5,1.6597219202807292,0.500049917929445,0.49887465179042945
10.29999999999998,0.1,0.0,0.0,1.5,0.5,1.6597219202807292,0.500049917929445,0.49887465179042945
10.399999999999979,0.1,0.0,0.0,1.5,0.5,1.6597219202807292,0.500049917929445,0.49887465179042945
10.499999999999979,0.1,0.0,0.0,1.5,0.5,1.6597219202807292,0.500049917929445,0.49887465179042945
10.599999999999978,0.1,0.0,0.0,1.5,0.5,1.6597219202807292,0.500049917929445,0.49887465179042945
10.699999999999978,0.1,0.0,0.0,1.5,0.5,1.6597219202807292,0.500049917929445,0.49887465179042945
10.799999999999978,0.1,0.0,0.0,1.5,0.5,1.6597219202807292,0.5000499179294451,0.49887465179042945
10.899999999999977,0.1,0.0,0.0,1.5,0.5,1.6597219202807292,0.5000499179294451,0.49887465179042945
10.999999999999977,0.1,0.0,0.0,1.5,0.5,1.6597219202807292,0.5000499179294451,0.49887465179042945
11.099999999999977,0.1,0.0,0.0,1.5,0.5,1.6597219202807292,0.5000499179294451,0.49887465179042945
11.199999999999976,0.1,0.0,0.0,1.5,0.5,1.6597219202807292,0.5000499179294451,0.49887465179042945
11.299999999999976,0.1,0.0,0.0,1.5,0.5,1.6597219202807292,0.5000499179294451,0.49887465179042945
11.399999999999975,0.1,0.0,0.0,1.5,0.5,1.6597219202807292,0.5000499179294451,0.49887465179042945
11.499999999999975,0.1,0.0,0.0,1.5,0.5,1.6597219202807292,0.5000499179294451,0.49887465179042945
11.599999999999975,0.1,0.0,0.0,1.5,0.5,1.6597219202807292,0.5000499179294451,0.49887465179042945
11.699999999999974,0.1,0.0,0.0,1.5,0.5,1.6597219202807292,0.5000499179294451,0.49887465179042945
11.799999999999974,0.1,0.0,0.0,1.5,0.5,1.6597219202807292,0.5000499179294451,0.49887465179042945
11.899999999999974,0.1,0.0,0.0,1.5,0.5,1.6597219202807292,0.5000499179294451,0.49887465179042945
11.999999999999973,0.1,0.0,0.0,1.5,0.5,1.6597219202807292,0.5000499179294451,0.49887465179042945
12.099999999999973,0.1,0.0,0.0,1.5,0.5,1.6597219202807292,0.5000499179294451,0.49887465179042945
12.199999999999973,0.1,0.0,0.0,1.5,0.5,1.6597219202807292,0.5000499179294451,0.49887465179042945
12.299999999999972,0.1,0.0,0.0,1.5,0.5,1.6597219202807292,0.5000499179294451,0.49887465179042945
12.399999999999972,0.1,0.0,0.0,1.5,0.5,1.6597219202807292,0.5000499179294451,0.49887465179042945
12.499999999999972,0.1,0.0,0.0,1.5,0.5,1.6597219202807292,0.5000499179294451,0.49887465179042945
12.599999999999971,0.1,0.0,0.0,1.5,0.5,1.6597219202807292,0.5000499179294451,0.49887465179042945
12.69999999999997,0.1,0.0,0.0,1.5,0.5,1.6597219202807292,0.5000499179294451,0.49887465179042945
12.79999999999997,0.1,0.0,0.0,1.5,0.5,1.6597219202807292,0.5000499179294451,0.49887465179042945
12.89999999999997,0.1,0.0,0.0,1.5,0.5,1.6597219202807292,0.5000499179294451,0.49887465179042945
12.99999999999997,0.1,0.0,0.0,1.5,0.5,1.6597219202807292,0.5000499179294451,0.49887465179042945
13.09999999999997,0.1,0.0,0.0,1.5,0.5,1.6597219202807292,0.5000499179294451,0.49887465179042945
13.199999999999969,0.1,0.0,0.0,1.5,0.5,1.6597219202807292,0.5000499179294451,0.49887465179042945
13.299999999999969,0.1,0.0,0.0,1.5,0.5,1.6597219202807292,0.5000499179294451,0.49887465179042945
13.399999999999968,0.1,0.0,0.0,1.5,0.5,1.6597219202807292,0.5000499179294451,0.49887465179042945
13.499999999999968,0.1,0.0,0.0,1.5,0.5,1.6597219202807292,0.5000499179294451,0.49887465179042945
13.599999999999968,0.1,0.0,0.0,1.5,0.5,1.6597219202807292,0.5000499179294451,0.49887465179042945
13.699999999999967,0.1,0.0,0.0,1.5,0.5,1.6597219202807292,0.5000499179294451,0.49887465179042945
13.799999999999967,0.1,0.0,0.0,1.5,0.5,1.6597219202807292,0.5000499179294451,0.49887465179042945
13.899999999999967,0.1,0.0,0.0,1.5,0.5,1.6597219202807292,0.5000499179294451,0.49887465179042945
13.999999999999966,0.1,0.0,0.0,1.5,0.5,1.6597219202807292,0.5000499179294451,0.49887465179042945
14.099999999999966,0.1,0.0,0.0,1.5,0.5,1.6597219202807292,0.5000499179294451,0.49887465179042945
14.199999999999966,0.1,0.0,0.0,1.5,0.5,1.6597219202807292,0.5000499179294451,0.49887465179042945
14.299999999999965,0.1,0.0,0.0,1.5,0.5,1.6597219202807292,0.5000499179294451,0.49887465179042945
14.399999999999965,0.1,0.0,0.0,1.5,0.5,1.6597219202807292,0.5000499179294451,0.49887465179042945
14.499999999999964,0.1,0.0,0.0,1.5,0.5,1.6597219202807292,0.5000499179294451,0.49887465179042945
14.599999999999964,0.1,0.0,0.0,1.5,0.5,1.6597219202807292,0.5000499179294451,0.49887465179042945
14.699999999999964,0.1,0.0,0.0,1.5,0.5,1.6597219202807292,0.5000499179294451,0.49887465179042945
14.799999999999963,0.1,0.0,0.0,1.5,0.5,1.6597219202807292,0.5000499179294451,0.49887465179042945
14.899999999999963,0.1,0.0,0.0,1.5,0.5,1.6597219202807292,0.5000499179294451,0.49887465179042945
14.999999999999963,0.1,0.0,0.0,1.5,0.5,1.6597219202807292,0.5000499179294451,0.49887465179042945
15.099999999999962,0.1,0.0,0.0,1.5,0.5,1.6597219202807292,0.5000499179294451,0.49887465179042945
15.199999999999962,0.1,0.0,0.0,1.5,0.5,1.6597219202807292,0.5000499179294451,0.49887465179042945
15.299999999999962,0.1,0.0,0.0,1.5,0.5,1.6597219202807292,0.5000499179294451,0.49887465179042945
15.399999999999961,0.1,0.0,0.0,1.5,0.5,1.6597219202807292,0.5000499179294451,0.49887465179042945
15.499999999999961,0.1,0.0,0.0,1.5,0.5,1.6597219202807292,0.5000499179294451,0.49887465179042945
15.59999999999996,0.1,0.0,0.0,1.5,0.5,1.6597219202807292,0.5000499179294451,0.49887465179042945
15.69999999999996,0.1,0.0,0.0,1.5,0.5,1.6597219202807292,0.5000499179294451,0.49887465179042945
15.79999999999996,0.1,0.0,0.0,1.5,0.5,1.6597219202807292,0.5000499179294451,0.49887465179042945
15.89999999999996,0.1,0.0,0.0,1.5,0.5,1.6597219202807292,0.5000499179294451,0.49887465179042945
15.99999999999996,0.1,0.0,0.0,1.5,0.5,1.6597219202807292,0.5000499179294451,0.49887465179042945
16.09999999999996,0.1,0.0,0.0,1.5,0.5,1.6597219202807292,0.5000499179294451,0.49887465179042945
16.19999999999996,0.1,0.0,0.0,1.5,0.5,1.6597219202807292,0.5000499179294451,0.49887465179042945
16.29999999999996,0.1,0.0,0.0,1.5,0.5,1.6597219202807292,0.5000499179294451,0.49887465179042945
16.399999999999963,0.1,0.0,0.0,1.5,0.5,1.6597219202807292,0.5000499179294451,0.49887465179042945
16.499999999999964,0.1,0.0,0.0,1.5,0.5,1.6597219202807292,0.5000499179294451,0.49887465179042945
16.599999999999966,0.1,0.0,0.0,1.5,0.5,1.6597219202807292,0.5000499179294451,0.49887465179042945
16.699999999999967,0.1,0.0,0.0,1.5,0.5,1.6597219202807292,0.5000499179294451,0.49887465179042945
16.79999999999997,0.1,0.0,0.0,1.5,0.5,1.6597219202807292,0.5000499179294451,0.49887465179042945
16.89999999999997,0.1,0.0,0.0,1.5,0.5,1.6597219202807292,0.5000499179294451,0.49887465179042945
16.99999999999997,0.1,0.0,0.0,1.5,0.5,1.6597219202807292,0.5000499179294451,0.49887465179042945
17.099999999999973,0.1,0.0,0.0,1.5,0.5,1.6597219202807292,0.5000499179294451,0.49887465179042945
17.199999999999974,0.1,0.0,0.0,1.5,0.5,1.6597219202807292,0.5000499179294451,0.49887465179042945
17.299999999999976,0.1,0.0,0.0,1.5,0.5,1.6597219202807292,0.5000499179294451,0.49887465179042945
17.399999999999977,0.1,0.0,0.0,1.5,0.5,1.6597219202807292,0.5000499179294451,0.49887465179042945
17.49999999999998,0.1,0.0,0.0,1.5,0.5,1.6597219202807292,0.5000499179294451,0.49887465179042945
17.59999999999998,0.1,0.0,0.0,1.5,0.5,1.6597219202807292,0.5000499179294451,0.49887465179042945
17.69999999999998,0.1,0.0,0.0,1.5,0.5,1.6597219202807292,0.5000499179294451,0.49887465179042945
17.799999999999983,0.1,0.0,0.0,1.5,0.5,1.6597219202807292,0.5000499179294451,0.49887465179042945
17.899999999999984,0.1,0.0,0.0,1.5,0.5,1.6597219202807292,0.5000499179294451,0.49887465179042945
17.999999999999986,0.1,0.0,0.0,1.5,0.5,1.6597219202807292,0.5000499179294451,0.49887465179042945
18.099999999999987,0.1,0.0,0.0,1.5,0.5,1.6597219202807292,0.5000499179294451,0.49887465179042945
18.19999999999999,0.1,0.0,0.0,1.5,0.5,1.6597219202807292,0.5000499179294451,0.49887465179042945
18.29999999999999,0.1,0.0,0.0,1.5,0.5,1.6597219202807292,0.5000499179294451,0.49887465179042945
18.39999999999999,0.1,0.0,0.0,1.5,0.5,1.6597219202807292,0.5000499179294451,0.49887465179042945
18.499999999999993,0.1,0.0,0.0,1.5,0.5,1.6597219202807292,0.5000499179294451,0.49887465179042945
18.599999999999994,0.1,0.0,0.0,1.5,0.5,1.6597219202807292,0.5000499179294451,0.49887465179042945
18.699999999999996,0.1,0.0,0.0,1.5,0.5,1.6597219202807292,0.5000499179294451,0.49887465179042945
18.799999999999997,0.1,0.0,0.0,1.5,0.5,1.6597219202807292,0.5000499179294451,0.49887465179042945
18.9,0.1,0.0,0.0,1.5,0.5,1.6597219202807292,0.5000499179294451,0.49887465179042945
19.0,0.1,0.0,0.0,1.5,0.5,1.6597219202807292,0.5000499179294451,0.49887465179042945
19.1,0.1,0.0,0.0,1.5,0.5,1.6597219202807292,0.5000499179294451,0.49887465179042945
19.200000000000003,0.1,0.0,0.0,1.5,0.5,1.6597219202807292,0.5000499179294451,0.49887465179042945
19.300000000000004,0.1,0.0,0.0,1.5,0.5,1.6597219202807292,0.5000499179294451,0.49887465179042945
19.400000000000006,0.1,0.0,0.0,1.5,0.5,1.6597219202807292,0.5000499179294451,0.49887465179042945
19.500000000000007,0.1,0.0,0.0,1.5,0.5,1.6597219202807292,0.5000499179294451,0.49887465179042945
19.60000000000001,0.1,0.0,0.0,1.5,0.5,1.6597219202807292,0.5000499179294451,0.49887465179042945
19.70000000000001,0.1,0.0,0.0,1.5,0.5,1.6597219202807292,0.5000499179294451,0.49887465179042945
19.80000000000001,0.1,0.0,0.0,1.5,0.5,1.6597219202807292,0.5000499179294451,0.49887465179042945
19.900000000000013,0.1,0.0,0.0,1.5,0.5,1.6597219202807292,0.5000499179294451,0.49887465179042945
20.000000000000014,0.1,0.0,0.0,1.5,0.5,1.6597219202807292,0.5000499179294451,0.49887465179042945
20.100000000000016,0.1,0.0,0.0,1.5,0.5,1.6597219202807292,0.5000499179294451,0.49887465179042945
20.200000000000017,0.1,0.0,0.0,1.5,0.5,1.6597219202807292,0.5000499179294451,0.49887465179042945
20.30000000000002,0.1,0.0,0.0,1.5,0.5,1.6597219202807292,0.5000499179294451,0.49887465179042945
20.40000000000002,0.1,0.0,0.0,1.5,0.5,1.6597219202807292,0.5000499179294451,0.49887465179042945
20.50000000000002,0.1,0.0,0.0,1.5,0.5,1.6597219202807292,0.5000499179294451,0.49887465179042945
20.600000000000023,0.1,0.0,0.0,1.5,0.5,1.6597219202807292,0.5000499179294451,0.49887465179042945
20.700000000000024,0.1,0.0,0.0,1.5,0.5,1.6597219202807292,0.5000499179294451,0.49887465179042945
20.800000000000026,0.1,0.0,0.0,1.5,0.5,1.6597219202807292,0.5000499179294451,0.49887465179042945
20.900000000000027,0.1,0.0,0.0,1.5,0.5,1.6597219202807292,0.5000499179294451,0.49887465179042945
21.00000000000003,0.1,0.0,0.0,1.5,0.5,1.6597219202807292,0.5000499179294451,0.49887465179042945
21.10000000000003,0.1,0.0,0.0,1.5,0.5,1.6597219202807292,0.5000499179294451,0.49887465179042945
21.20000000000003,0.1,0.0,0.0,1.5,0.5,1.6597219202807292,0.5000499179294451,0.49887465179042945
21.300000000000033,0.1,0.0,0.0,1.5,0.5,1.6597219202807292,0.5000499179294451,0.49887465179042945
21.400000000000034,0.1,0.0,0.0,1.5,0.5,1.6597219202807292,0.5000499179294451,0.49887465179042945
21.500000000000036,0.1,0.0,0.0,1.5,0.5,1.6597219202807292,0.5000499179294451,0.49887465179042945
21.600000000000037,0.1,0.0,0.0,1.5,0.5,1.6597219202807292,0.5000499179294451,0.49887465179042945
21.70000000000004,0.1,0.0,0.0,1.5,0.5,1.6597219202807292,0.5000499179294451,0.49887465179042945
21.80000000000004,0.1,0.0,0.0,1.5,0.5,1.6597219202807292,0.5000499179294451,0.49887465179042945
21.90000000000004,0.1,0.0,0.0,1.5,0.5,1.6597219202807292,0.5000499179294451,0.49887465179042945
22.000000000000043,0.1,0.0,0.0,1.5,0.5,1.6597219202807292,0.5000499179294451,0.49887465179042945
22.100000000000044,0.1,0.0,0.0,1.5,0.5,1.6597219202807292,0.5000499179294451,0.49887465179042945
22.200000000000045,0.1,0.0,0.0,1.5,0.5,1.6597219202807292,0.5000499179294451,0.49887465179042945
22.300000000000047,0.1,0.0,0.0,1.5,0.5,1.6597219202807292,0.5000499179294451,0.49887465179042945
22.40000000000005,0.1,0.0,0.0,1.5,0.5,1.6597219202807292,0.5000499179294451,0.49887465179042945
22.50000000000005,0.1,0.0,0.0,1.5,0.5,1.6597219202807292,0.5000499179294451,0.49887465179042945
22.60000000000005,0.1,0.0,0.0,1.5,0.5,1.6597219202807292,0.5000499179294451,0.49887465179042945
22.700000000000053,0.1,0.0,0.0,1.5,0.5,1.6597219202807292,0.5000499179294451,0.49887465179042945
22.800000000000054,0.1,0.0,0.0,1.5,0.5,1.6597219202807292,0.5000499179294451,0.49887465179042945
22.900000000000055,0.1,0.0,0.0,1.5,0.5,1.6597219202807292,0.5000499179294451,0.49887465179042945
23.000000000000057,0.1,0.0,0.0,1.5,0.5,1.6597219202807292,0.5000499179294451,0.49887465179042945
23.10000000000006,0.1,0.0,0.0,1.5,0.5,1.6597219202807292,0.5000499179294451,0.49887465179042945
23.20000000000006,0.1,0.0,0.0,1.5,0.5,1.6597219202807292,0.5000499179294451,0.49887465179042945
23.30000000000006,0.1,0.0,0.0,1.5,0.5,1.6597219202807292,0.5000499179294451,0.49887465179042945
23.400000000000063,0.1,0.0,0.0,1.5,0.5,1.6597219202807292,0.5000499179294451,0.49887465179042945
23.500000000000064,0.1,0.0,0.0,1.5,0.5,1.6597219202807292,0.5000499179294451,0.49887465179042945
23.600000000000065,0.1,0.0,0.0,1.5,0.5,1.6597219202807292,0.5000499179294451,0.49887465179042945
23.700000000000067,0.1,0.0,0.0,1.5,0.5,1.6597219202807292,0.5000499179294451,0.49887465179042945
23.800000000000068,0.1,0.0,0.0,1.5,0.5,1.6597219202807292,0.5000499179294451,0.49887465179042945
23.90000000000007,0.1,0.0,0.0,1.5,0.5,1.6597219202807292,0.5000499179294451,0.49887465179042945
24.00000000000007,0.1,0.0,0.0,1.5,0.5,1.6597219202807292,0.5000499179294451,0.49887465179042945
24.100000000000072,0.1,0.0,0.0,1.5,0.5,1.6597219202807292,0.5000499179294451,0.49887465179042945
24.200000000000074,0.1,0.0,0.0,1.5,0.5,1.6597219202807292,0.5000499179294451,0.49887465179042945
24.300000000000075,0.1,0.0,0.0,1.5,0.5,1.6597219202807292,0.5000499179294451,0.49887465179042945
24.400000000000077,0.1,0.0,0.0,1.5,0.5,1.6597219202807292,0.5000499179294451,0.49887465179042945
24.500000000000078,0.1,0.0,0.0,1.5,0.5,1.6597219202807292,0.5000499179294451,0.49887465179042945
24.60000000000008,0.1,0.0,0.0,1.5,0.5,1.6597219202807292,0.5000499179294451,0.49887465179042945
24.70000000000008,0.1,0.0,0.0,1.5,0.5,1.6597219202807292,0.5000499179294451,0.49887465179042945
24.800000000000082,0.1,0.0,0.0,1.5,0.5,1.6597219202807292,0.5000499179294451,0.49887465179042945
24.900000000000084,0.1,0.0,0.0,1.5,0.5,1.6597219202807292,0.5000499179294451,0.49887465179042945
25.000000000000085,0.1,0.0,0.0,1.5,0.5,1.6597219202807292,0.5000499179294451,0.49887465179042945
25.100000000000087,0.1,0.0,0.0,1.5,0.5,1.6597219202807292,0.5000499179294451,0.49887465179042945
25.200000000000088,0.1,0.0,0.0,1.5,0.5,1.6597219202807292,0.5000499179294451,0.49887465179042945
25.30000000000009,0.1,0.0,0.0,1.5,0.5,1.6597219202807292,0.5000499179294451,0.49887465179042945
25.40000000000009,0.1,0.0,0.0,1.5,0.5,1.6597219202807292,0.5000499179294451,0.49887465179042945
25.500000000000092,0.1,0.0,0.0,1.5,0.5,1.6597219202807292,0.5000499179294451,0.49887465179042945
25.600000000000094,0.1,0.0,0.0,1.5,0.5,1.6597219202807292,0.5000499179294451,0.49887465179042945
25.700000000000095,0.1,0.0,0.0,1.5,0.5,1.6597219202807292,0.5000499179294451,0.49887465179042945
25.800000000000097,0.1,0.0,0.0,1.5,0.5,1.6597219202807292,0.5000499179294451,0.49887465179042945
25.900000000000098,0.1,0.0,0.0,1.5,0.5,1.6597219202807292,0.5000499179294451,0.49887465179042945
26.0000000000001,0.1,0.0,0.0,1.5,0.5,1.6597219202807292,0.5000499179294451,0.49887465179042945
26.1000000000001,0.1,0.0,0.0,1.5,0.5,1.6597219202807292,0.5000499179294451,0.49887465179042945
26.200000000000102,0.1,0.0,0.0,1.5,0.5,1.6597219202807292,0.5000499179294451,0.49887465179042945
26.300000000000104,0.1,0.0,0.0,1.5,0.5,1.6597219202807292,0.5000499179294451,0.49887465179042945
26.400000000000105,0.1,0.0,0.0,1.5,0.5,1.6597219202807292,0.5000499179294451,0.49887465179042945
26.500000000000107,0.1,0.0,0.0,1.5,0.5,1.6597219202807292,0.5000499179294451,0.49887465179042945
26.600000000000108,0.1,0.0,0.0,1.5,0.5,1.6597219202807292,0.5000499179294451,0.49887465179042945
26.70000000000011,0.1,0.0,0.0,1.5,0.5,1.6597219202807292,0.5000499179294451,0.49887465179042945
26.80000000000011,0.1,0.0,0.0,1.5,0.5,1.6597219202807292,0.5000499179294451,0.49887465179042945
26.900000000000112,0.1,0.0,0.0,1.5,0.5,1.6597219202807292,0.5000499179294451,0.49887465179042945
27.000000000000114,0.1,0.0,0.0,1.5,0.5,1.6597219202807292,0.5000499179294451,0.49887465179042945
27.100000000000115,0.1,0.0,0.0,1.5,0.5,1.6597219202807292,0.5000499179294451,0.49887465179042945
27.200000000000117,0.1,0.0,0.0,1.5,0.5,1.6597219202807292,0.5000499179294451,0.49887465179042945
27.300000000000118,0.1,0.0,0.0,1.5,0.5,1.6597219202807292,0.5000499179294451,0.49887465179042945
27.40000000000012,0.1,0.0,0.0,1.5,0.5,1.6597219202807292,0.5000499179294451,0.49887465179042945
27.50000000000012,0.1,0.0,0.0,1.5,0.5,1.6597219202807292,0.5000499179294451,0.49887465179042945
27.600000000000122,0.1,0.0,0.0,1.5,0.5,1.6597219202807292,0.5000499179294451,0.49887465179042945
27.700000000000124,0.1,0.0,0.0,1.5,0.5,1.6597219202807292,0.5000499179294451,0.49887465179042945
27.800000000000125,0.1,0.0,0.0,1.5,0.5,1.6597219202807292,0.5000499179294451,0.49887465179042945
27.900000000000126,0.1,0.0,0.0,1.5,0.5,1.6597219202807292,0.5000499179294451,0.49887465179042945
28.000000000000128,0.1,0.0,0.0,1.5,0.5,1.6597219202807292,0.5000499179294451,0.49887465179042945
28.10000000000013,0.1,0.0,0.0,1.5,0.5,1.6597219202807292,0.5000499179294451,0.49887465179042945
28.20000000000013,0.1,0.0,0.0,1.5,0.5,1.6597219202807292,0.5000499179294451,0.49887465179042945
28.300000000000132,0.1,0.0,0.0,1.5,0.5,1.6597219202807292,0.5000499179294451,0.49887465179042945
28.400000000000134,0.1,0.0,0.0,1.5,0.5,1.6597219202807292,0.5000499179294451,0.49887465179042945
28.500000000000135,0.1,0.0,0.0,1.5,0.5,1.6597219202807292,0.5000499179294451,0.49887465179042945
28.600000000000136,0.1,0.0,0.0,1.5,0.5,1.6597219202807292,0.5000499179294451,0.49887465179042945
28.700000000000138,0.1,0.0,0.0,1.5,0.5,1.6597219202807292,0.5000499179294451,0.49887465179042945
28.80000000000014,0.1,0.0,0.0,1.5,0.5,1.6597219202807292,0.5000499179294451,0.49887465179042945
28.90000000000014,0.1,0.0,0.0,1.5,0.5,1.6597219202807292,0.5000499179294451,0.49887465179042945
29.000000000000142,0.1,0.0,0.0,1.5,0.5,1.6597219202807292,0.5000499179294451,0.49887465179042945
29.100000000000144,0.1,0.0,0.0,1.5,0.5,1.6597219202807292,0.5000499179294451,0.49887465179042945
29.200000000000145,0.1,0.0,0.0,1.5,0.5,1.6597219202807292,0.5000499179294451,0.49887465179042945
29.300000000000146,0.1,0.0,0.0,1.5,0.5,1.6597219202807292,0.5000499179294451,0.49887465179042945
29.400000000000148,0.1,0.0,0.0,1.5,0.5,1.6597219202807292,0.5000499179294451,0.49887465179042945
29.50000000000015,0.1,0.0,0.0,1.5,0.5,1.6597219202807292,0.5000499179294451,0.49887465179042945
29.60000000000015,0.1,0.0,0.0,1.5,0.5,1.6597219202807292,0.5000499179294451,0.49887465179042945
29.700000000000152,0.1,0.0,0.0,1.5,0.5,1.6597219202807292,0.5000499179294451,0.49887465179042945
29.800000000000153,0.1,0.0,0.0,1.5,0.5,1.6597219202807292,0.5000499179294451,0.49887465179042945
29.900000000000155,0.1,0.0,0.0,1.5,0.5,1.6597219202807292,0.5000499179294451,0.49887465179042945
30.000000000000156,0.1,0.0,0.0,1.5,0.5,1.6597219202807292,0.5000499179294451,0.49887465179042945
30.100000000000158,0.1,0.0,0.0,1.5,0.5,1.6597219202807292,0.5000499179294451,0.49887465179042945
30.20000000000016,0.1,0.0,0.0,1.5,0.5,1.6597219202807292,0.5000499179294451,0.49887465179042945
30.30000000000016,0.1,0.0,0.0,1.5,0.5,1.6597219202807292,0.5000499179294451,0.49887465179042945
30.400000000000162,0.1,0.0,0.0,1.5,0.5,1.6597219202807292,0.5000499179294451,0.49887465179042945
30.500000000000163,0.1,0.0,0.0,1.5,0.5,1.6597219202807292,0.5000499179294451,0.49887465179042945
30.600000000000165,0.1,0.0,0.0,1.5,0.5,1.6597219202807292,0.5000499179294451,0.49887465179042945
30.700000000000166,0.1,0.0,0.0,1.5,0.5,1.6597219202807292,0.5000499179294451,0.49887465179042945
30.800000000000168,0.1,0.0,0.0,1.5,0.5,1.6597219202807292,0.5000499179294451,0.49887465179042945
30.90000000000017,0.1,0.0,0.0,1.5,0.5,1.6597219202807292,0.5000499179294451,0.49887465179042945
31.00000000000017,0.1,0.0,0.0,1.5,0.5,1.6597219202807292,0.5000499179294451,0.49887465179042945
31.100000000000172,0.1,0.0,0.0,1.5,0.5,1.6597219202807292,0.5000499179294451,0.49887465179042945
31.200000000000173,0.1,0.0,0.0,1.5,0.5,1.6597219202807292,0.5000499179294451,0.49887465179042945
31.300000000000175,0.1,0.0,0.0,1.5,0.5,1.6597219202807292,0.5000499179294451,0.49887465179042945
31.400000000000176,0.1,0.0,0.0,1.5,0.5,1.6597219202807292,0.5000499179294451,0.49887465179042945
31.500000000000178,0.1,0.0,0.0,1.5,0.5,1.6597219202807292,0.5000499179294451,0.49887465179042945
31.60000000000018,0.1,0.0,0.0,1.5,0.5,1.6597219202807292,0.5000499179294451,0.49887465179042945
31.70000000000018,0.1,0.0,0.0,1.5,0.5,1.6597219202807292,0.5000499179294451,0.49887465179042945
31.800000000000182,0.1,0.0,0.0,1.5,0.5,1.6597219202807292,0.5000499179294451,0.49887465179042945
31.900000000000183,0.1,0.0,0.0,1.5,0.5,1.6597219202807292,0.5000499179294451,0.49887465179042945
32.000000000000185,0.1,0.0,0.0,1.5,0.5,1.6597219202807292,0.5000499179294451,0.49887465179042945
32.100000000000186,0.1,0.0,0.0,1.5,0.5,1.6597219202807292,0.5000499179294451,0.49887465179042945
32.20000000000019,0.1,0.0,0.0,1.5,0.5,1.6597219202807292,0.5000499179294451,0.49887465179042945
32.30000000000019,0.1,0.0,0.0,1.5,0.5,1.6597219202807292,0.5000499179294451,0.49887465179042945
32.40000000000019,0.1,0.0,0.0,1.5,0.5,1.6597219202807292,0.5000499179294451,0.49887465179042945
32.50000000000019,0.1,0.0,0.0,1.5,0.5,1.6597219202807292,0.5000499179294451,0.49887465179042945
32.60000000000019,0.1,0.0,0.0,1.5,0.5,1.6597219202807292,0.5000499179294451,0.49887465179042945
32.700000000000195,0.1,0.0,0.0,1.5,0.5,1.6597219202807292,0.5000499179294451,0.49887465179042945
32.800000000000196,0.1,0.0,0.0,1.5,0.5,1.6597219202807292,0.5000499179294451,0.49887465179042945
32.9000000000002,0.1,0.0,0.0,1.5,0.5,1.6597219202807292,0.5000499179294451,0.49887465179042945
33.0000000000002,0.1,0.0,0.0,1.5,0.5,1.6597219202807292,0.5000499179294451,0.49887465179042945
33.1000000000002,0.1,0.0,0.0,1.5,0.5,1.6597219202807292,0.5000499179294451,0.49887465179042945
33.2000000000002,0.1,0.0,0.0,1.5,0.5,1.6597219202807292,0.5000499179294451,0.49887465179042945
33.3000000000002,0.1,0.0,0.0,1.5,0.5,1.6597219202807292,0.5000499179294451,0.49887465179042945
33.400000000000205,0.1,0.0,0.0,1.5,0.5,1.6597219202807292,0.5000499179294451,0.49887465179042945
33.500000000000206,0.1,0.0,0.0,1.5,0.5,1.6597219202807292,0.5000499179294451,0.49887465179042945
33.60000000000021,0.1,0.0,0.0,1.5,0.5,1.6597219202807292,0.5000499179294451,0.49887465179042945
33.70000000000021,0.1,0.0,0.0,1.5,0.5,1.6597219202807292,0.5000499179294451,0.49887465179042945
33.80000000000021,0.1,0.0,0.0,1.5,0.5,1.6597219202807292,0.5000499179294451,0.49887465179042945
33.90000000000021,0.1,0.0,0.0,1.5,0.5,1.6597219202807292,0.5000499179294451,0.49887465179042945
34.00000000000021,0.1,0.0,0.0,1.5,0.5,1.6597219202807292,0.5000499179294451,0.49887465179042945
34.100000000000215,0.1,0.0,0.0,1.5,0.5,1.6597219202807292,0.5000499179294451,0.49887465179042945
34.200000000000216,0.1,0.0,0.0,1.5,0.5,1.6597219202807292,0.5000499179294451,0.49887465179042945
34.30000000000022,0.1,0.0,0.0,1.5,0.5,1.6597219202807292,0.5000499179294451,0.49887465179042945
34.40000000000022,0.1,0.0,0.0,1.5,0.5,1.6597219202807292,0.5000499179294451,0.49887465179042945
34.50000000000022,0.1,0.0,0.0,1.5,0.5,1.6597219202807292,0.5000499179294451,0.49887465179042945
34.60000000000022,0.1,0.0,0.0,1.5,0.5,1.6597219202807292,0.5000499179294451,0.49887465179042945
34.70000000000022,0.1,0.0,0.0,1.5,0.5,1.6597219202807292,0.5000499179294451,0.49887465179042945
34.800000000000225,0.1,0.0,0.0,1.5,0.5,1.6597219202807292,0.5000499179294451,0.49887465179042945
34.900000000000226,0.1,0.0,0.0,1.5,0.5,1.6597219202807292,0.5000499179294451,0.49887465179042945
35.00000000000023,0.1,0.0,0.0,1.5,0.5,1.6597219202807292,0.5000499179294451,0.49887465179042945
35.10000000000023,0.1,0.0,0.0,1.5,0.5,1.6597219202807292,0.5000499179294451,0.49887465179042945
35.20000000000023,0.1,0.0,0.0,1.5,0.5,1.6597219202807292,0.5000499179294451,0.49887465179042945
35.30000000000023,0.1,0.0,0.0,1.5,0.5,1.6597219202807292,0.5000499179294451,0.49887465179042945
35.40000000000023,0.1,0.0,0.0,1.5,0.5,1.6597219202807292,0.5000499179294451,0.49887465179042945
35.500000000000234,0.1,0.0,0.0,1.5,0.5,1.6597219202807292,0.5000499179294451,0.49887465179042945
35.600000000000236,0.1,0.0,0.0,1.5,0.5,1.6597219202807292,0.5000499179294451,0.49887465179042945
35.70000000000024,0.1,0.0,0.0,1.5,0.5,1.6597219202807292,0.5000499179294451,0.49887465179042945
35.80000000000024,0.1,0.0,0.0,1.5,0.5,1.6597219202807292,0.5000499179294451,0.49887465179042945
35.90000000000024,0.1,0.0,0.0,1.5,0.5,1.6597219202807292,0.5000499179294451,0.49887465179042945
36.00000000000024,0.1,0.0,0.0,1.5,0.5,1.6597219202807292,0.5000499179294451,0.49887465179042945
36.10000000000024,0.1,0.0,0.0,1.5,0.5,1.6597219202807292,0.5000499179294451,0.49887465179042945
36.200000000000244,0.1,0.0,0.0,1.5,0.5,1.6597219202807292,0.5000499179294451,0.49887465179042945
36.300000000000246,0.1,0.0,0.0,1.5,0.5,1.6597219202807292,0.5000499179294451,0.49887465179042945
36.40000000000025,0.1,0.0,0.0,1.5,0.5,1.6597219202807292,0.5000499179294451,0.49887465179042945
36.50000000000025,0.1,0.0,0.0,1.5,0.5,1.6597219202807292,0.5000499179294451,0.49887465179042945
36.60000000000025,0.1,0.0,0.0,1.5,0.5,1.6597219202807292,0.5000499179294451,0.49887465179042945
36.70000000000025,0.1,0.0,0.0,1.5,0.5,1.6597219202807292,0.5000499179294451,0.49887465179042945
36.80000000000025,0.1,0.0,0.0,1.5,0.5,1.6597219202807292,0.5000499179294451,0.49887465179042945
36.900000000000254,0.1,0.0,0.0,1.5,0.5,1.6597219202807292,0.5000499179294451,0.49887465179042945
37.000000000000256,0.1,0.0,0.0,1.5,0.5,1.6597219202807292,0.5000499179294451,0.49887465179042945
37.10000000000026,0.1,0.0,0.0,1.5,0.5,1.6597219202807292,0.5000499179294451,0.49887465179042945
37.20000000000026,0.1,0.0,0.0,1.5,0.5,1.6597219202807292,0.5000499179294451,0.49887465179042945
37.30000000000026,0.1,0.0,0.0,1.5,0.5,1.6597219202807292,0.5000499179294451,0.49887465179042945
37.40000000000026,0.1,0.0,0.0,1.5,0.5,1.6597219202807292,0.5000499179294451,0.49887465179042945
37.50000000000026,0.1,0.0,0.0,1.5,0.5,1.6597219202807292,0.5000499179294451,0.49887465179042945
37.600000000000264,0.1,0.0,0.0,1.5,0.5,1.6597219202807292,0.5000499179294451,0.49887465179042945
37.700000000000266,0.1,0.0,0.0,1.5,0.5,1.6597219202807292,0.5000499179294451,0.49887465179042945
37.80000000000027,0.1,0.0,0.0,1.5,0.5,1.6597219202807292,0.5000499179294451,0.49887465179042945
37.90000000000027,0.1,0.0,0.0,1.5,0.5,1.6597219202807292,0.5000499179294451,0.49887465179042945
38.00000000000027,0.1,0.0,0.0,1.5,0.5,1.6597219202807292,0.5000499179294451,0.49887465179042945
38.10000000000027,0.1,0.0,0.0,1.5,0.5,1.6597219202807292,0.5000499179294451,0.49887465179042945
38.20000000000027,0.1,0.0,0.0,1.5,0.5,1.6597219202807292,0.5000499179294451,0.49887465179042945
38.300000000000274,0.1,0.0,0.0,1.5,0.5,1.6597219202807292,0.5000499179294451,0.49887465179042945
38.400000000000276,0.1,0.0,0.0,1.5,0.5,1.6597219202807292,0.5000499179294451,0.49887465179042945
38.50000000000028,0.1,0.0,0.0,1.5,0.5,1.6597219202807292,0.5000499179294451,0.49887465179042945
38.60000000000028,0.1,0.0,0.0,1.5,0.5,1.6597219202807292,0.5000499179294451,0.49887465179042945
38.70000000000028,0.1,0.0,0.0,1.5,0.5,1.6597219202807292,0.5000499179294451,0.49887465179042945
38.80000000000028,0.1,0.0,0.0,1.5,0.5,1.6597219202807292,0.5000499179294451,0.49887465179042945
38.90000000000028,0.1,0.0,0.0,1.5,0.5,1.6597219202807292,0.5000499179294451,0.49887465179042945
39.000000000000284,0.1,0.0,0.0,1.5,0.5,1.6597219202807292,0.5000499179294451,0.49887465179042945
39.100000000000286,0.1,0.0,0.0,1.5,0.5,1.6597219202807292,0.5000499179294451,0.49887465179042945
39.20000000000029,0.1,0.0,0.0,1.5,0.5,1.6597219202807292,0.5000499179294451,0.49887465179042945
39.30000000000029,0.1,0.0,0.0,1.5,0.5,1.6597219202807292,0.5000499179294451,0.49887465179042945
39.40000000000029,0.1,0.0,0.0,1.5,0.5,1.6597219202807292,0.5000499179294451,0.49887465179042945
39.50000000000029,0.1,0.0,0.0,1.5,0.5,1.6597219202807292,0.5000499179294451,0.49887465179042945
39.60000000000029,0.1,0.0,0.0,1.5,0.5,1.6597219202807292,0.5000499179294451,0.49887465179042945
39.700000000000294,0.1,0.0,0.0,1.5,0.5,1.6597219202807292,0.5000499179294451,0.49887465179042945
39.800000000000296,0.1,0.0,0.0,1.5,0.5,1.6597219202807292,0.5000499179294451,0.49887465179042945
39.9000000000003,0.1,0.0,0.0,1.5,0.5,1.6597219202807292,0.5000499179294451,0.49887465179042945
40.0000000000003,0.1,0.0,0.0,1.5,0.5,1.6597219202807292,0.5000499179294451,0.49887465179042945
40.1000000000003,0.1,0.0,0.0,1.5,0.5,1.6597219202807292,0.5000499179294451,0.49887465179042945
40.2000000000003,0.1,0.0,0.0,1.5,0.5,1.6597219202807292,0.5000499179294451,0.49887465179042945
40.3000000000003,0.1,0.0,0.0,1.5,0.5,1.6597219202807292,0.5000499179294451,0.49887465179042945
40.400000000000304,0.1,0.0,0.0,1.5,0.5,1.6597219202807292,0.5000499179294451,0.49887465179042945
40.500000000000306,0.1,0.0,0.0,1.5,0.5,1.6597219202807292,0.5000499179294451,0.49887465179042945
40.60000000000031,0.1,0.0,0.0,1.5,0.5,1.6597219202807292,0.5000499179294451,0.49887465179042945
40.70000000000031,0.1,0.0,0.0,1.5,0.5,1.6597219202807292,0.5000499179294451,0.49887465179042945
40.80000000000031,0.1,0.0,0.0,1.5,0.5,1.6597219202807292,0.5000499179294451,0.49887465179042945
40.90000000000031,0.1,0.0,0.0,1.5,0.5,1.6597219202807292,0.5000499179294451,0.49887465179042945
41.00000000000031,0.1,0.0,0.0,1.5,0.5,1.6597219202807292,0.5000499179294451,0.49887465179042945
41.100000000000314,0.1,0.0,0.0,1.5,0.5,1.6597219202807292,0.5000499179294451,0.49887465179042945
41.200000000000315,0.1,0.0,0.0,1.5,0.5,1.6597219202807292,0.5000499179294451,0.49887465179042945
41.30000000000032,0.1,0.0,0.0,1.5,0.5,1.6597219202807292,0.5000499179294451,0.49887465179042945
41.40000000000032,0.1,0.0,0.0,1.5,0.5,1.6597219202807292,0.5000499179294451,0.49887465179042945
41.50000000000032,0.1,0.0,0.0,1.5,0.5,1.6597219202807292,0.5000499179294451,0.49887465179042945
41.60000000000032,0.1,0.0,0.0,1.5,0.5,1.6597219202807292,0.5000499179294451,0.49887465179042945
41.70000000000032,0.1,0.0,0.0,1.5,0.5,1.6597219202807292,0.5000499179294451,0.49887465179042945
41.800000000000324,0.1,0.0,0.0,1.5,0.5,1.6597219202807292,0.5000499179294451,0.49887465179042945
41.900000000000325,0.1,0.0,0.0,1.5,0.5,1.6597219202807292,0.5000499179294451,0.49887465179042945
42.00000000000033,0.1,0.0,0.0,1.5,0.5,1.6597219202807292,0.5000499179294451,0.49887465179042945
42.10000000000033,0.1,0.0,0.0,1.5,0.5,1.6597219202807292,0.5000499179294451,0.49887465179042945
42.20000000000033,0.1,0.0,0.0,1.5,0.5,1.6597219202807292,0.5000499179294451,0.49887465179042945
42.30000000000033,0.1,0.0,0.0,1.5,0.5,1.6597219202807292,0.5000499179294451,0.49887465179042945
42.40000000000033,0.1,0.0,0.0,1.5,0.5,1.6597219202807292,0.5000499179294451,0.49887465179042945
42.500000000000334,0.1,0.0,0.0,1.5,0.5,1.6597219202807292,0.5000499179294451,0.49887465179042945
42.600000000000335,0.1,0.0,0.0,1.5,0.5,1.6597219202807292,0.5000499179294451,0.49887465179042945
42.70000000000034,0.1,0.0,0.0,1.5,0.5,1.6597219202807292,0.5000499179294451,0.49887465179042945
42.80000000000034,0.1,0.0,0.0,1.5,0.5,1.6597219202807292,0.5000499179294451,0.49887465179042945
42.90000000000034,0.1,0.0,0.0,1.5,0.5,1.6597219202807292,0.5000499179294451,0.49887465179042945
43.00000000000034,0.1,0.0,0.0,1.5,0.5,1.6597219202807292,0.5000499179294451,0.49887465179042945
43.10000000000034,0.1,0.0,0.0,1.5,0.5,1.6597219202807292,0.5000499179294451,0.49887465179042945
43.200000000000344,0.1,0.0,0.0,1.5,0.5,1.6597219202807292,0.5000499179294451,0.49887465179042945
43.300000000000345,0.1,0.0,0.0,1.5,0.5,1.6597219202807292,0.5000499179294451,0.49887465179042945
43.40000000000035,0.1,0.0,0.0,1.5,0.5,1.6597219202807292,0.5000499179294451,0.49887465179042945
43.50000000000035,0.1,0.0,0.0,1.5,0.5,1.6597219202807292,0.5000499179294451,0.49887465179042945
43.60000000000035,0.1,0.0,0.0,1.5,0.5,1.6597219202807292,0.5000499179294451,0.49887465179042945
43.70000000000035,0.1,0.0,0.0,1.5,0.5,1.6597219202807292,0.5000499179294451,0.49887465179042945
43.80000000000035,0.1,0.0,0.0,1.5,0.5,1.6597219202807292,0.5000499179294451,0.49887465179042945
43.900000000000354,0.1,0.0,0.0,1.5,0.5,1.6597219202807292,0.5000499179294451,0.49887465179042945
44.000000000000355,0.1,0.0,0.0,1.5,0.5,1.6597219202807292,0.5000499179294451,0.49887465179042945
44.10000000000036,0.1,0.0,0.0,1.5,0.5,1.6597219202807292,0.5000499179294451,0.49887465179042945
44.20000000000036,0.1,0.0,0.0,1.5,0.5,1.6597219202807292,0.5000499179294451,0.49887465179042945
44.30000000000036,0.1,0.0,0.0,1.5,0.5,1.6597219202807292,0.5000499179294451,0.49887465179042945
44.40000000000036,0.1,0.0,0.0,1.5,0.5,1.6597219202807292,0.5000499179294451,0.49887465179042945
44.50000000000036,0.1,0.0,0.0,1.5,0.5,1.6597219202807292,0.5000499179294451,0.49887465179042945
44.600000000000364,0.1,0.0,0.0,1.5,0.5,1.6597219202807292,0.5000499179294451,0.49887465179042945
44.700000000000365,0.1,0.0,0.0,1.5,0.5,1.6597219202807292,0.5000499179294451,0.49887465179042945
44.80000000000037,0.1,0.0,0.0,1.5,0.5,1.6597219202807292,0.5000499179294451,0.49887465179042945
44.90000000000037,0.1,0.0,0.0,1.5,0.5,1.6597219202807292,0.5000499179294451,0.49887465179042945
45.00000000000037,0.1,0.0,0.0,1.5,0.5,1.6597219202807292,0.5000499179294451,0.49887465179042945
45.10000000000037,0.1,0.0,0.0,1.5,0.5,1.6597219202807292,0.5000499179294451,0.49887465179042945
45.20000000000037,0.1,0.0,0.0,1.5,0.5,1.6597219202807292,0.5000499179294451,0.49887465179042945
45.300000000000374,0.1,0.0,0.0,1.5,0.5,1.6597219202807292,0.5000499179294451,0.49887465179042945
45.400000000000375,0.1,0.0,0.0,1.5,0.5,1.6597219202807292,0.5000499179294451,0.49887465179042945
45.50000000000038,0.1,0.0,0.0,1.5,0.5,1.6597219202807292,0.5000499179294451,0.49887465179042945
45.60000000000038,0.1,0.0,0.0,1.5,0.5,1.6597219202807292,0.5000499179294451,0.49887465179042945
45.70000000000038,0.1,0.0,0.0,1.5,0.5,1.6597219202807292,0.5000499179294451,0.49887465179042945
45.80000000000038,0.1,0.0,0.0,1.5,0.5,1.6597219202807292,0.5000499179294451,0.49887465179042945
45.90000000000038,0.1,0.0,0.0,1.5,0.5,1.6597219202807292,0.5000499179294451,0.49887465179042945
46.000000000000384,0.1,0.0,0.0,1.5,0.5,1.6597219202807292,0.5000499179294451,0.49887465179042945
46.100000000000385,0.1,0.0,0.0,1.5,0.5,1.6597219202807292,0.5000499179294451,0.49887465179042945
46.20000000000039,0.1,0.0,0.0,1.5,0.5,1.6597219202807292,0.5000499179294451,0.49887465179042945
46.30000000000039,0.1,0.0,0.0,1.5,0.5,1.6597219202807292,0.5000499179294451,0.49887465179042945
46.40000000000039,0.1,0.0,0.0,1.5,0.5,1.6597219202807292,0.5000499179294451,0.49887465179042945
46.50000000000039,0.1,0.0,0.0,1.5,0.5,1.6597219202807292,0.5000499179294451,0.49887465179042945
46.60000000000039,0.1,0.0,0.0,1.5,0.5,1.6597219202807292,0.5000499179294451,0.49887465179042945
46.700000000000394,0.1,0.0,0.0,1.5,0.5,1.6597219202807292,0.5000499179294451,0.49887465179042945
46.800000000000395,0.1,0.0,0.0,1.5,0.5,1.6597219202807292,0.5000499179294451,0.49887465179042945
46.9000000000004,0.1,0.0,0.0,1.5,0.5,1.6597219202807292,0.5000499179294451,0.49887465179042945
47.0000000000004,0.1,0.0,0.0,1.5,0.5,1.6597219202807292,0.5000499179294451,0.49887465179042945
47.1000000000004,0.1,0.0,0.0,1.5,0.5,1.6597219202807292,0.5000499179294451,0.49887465179042945
47.2000000000004,0.1,0.0,0.0,1.5,0.5,1.6597219202807292,0.5000499179294451,0.49887465179042945
47.3000000000004,0.1,0.0,0.0,1.5,0.5,1.6597219202807292,0.5000499179294451,0.49887465179042945
47.400000000000404,0.1,0.0,0.0,1.5,0.5,1.6597219202807292,0.5000499179294451,0.49887465179042945
47.500000000000405,0.1,0.0,0.0,1.5,0.5,1.6597219202807292,0.5000499179294451,0.49887465179042945
47.600000000000406,0.1,0.0,0.0,1.5,0.5,1.6597219202807292,0.5000499179294451,0.49887465179042945
47.70000000000041,0.1,0.0,0.0,1.5,0.5,1.6597219202807292,0.5000499179294451,0.49887465179042945
47.80000000000041,0.1,0.0,0.0,1.5,0.5,1.6597219202807292,0.5000499179294451,0.49887465179042945
47.90000000000041,0.1,0.0,0.0,1.5,0.5,1.6597219202807292,0.5000499179294451,0.49887465179042945
48.00000000000041,0.1,0.0,0.0,1.5,0.5,1.6597219202807292,0.5000499179294451,0.49887465179042945
48.10000000000041,0.1,0.0,0.0,1.5,0.5,1.6597219202807292,0.5000499179294451,0.49887465179042945
48.200000000000415,0.1,0.0,0.0,1.5,0.5,1.6597219202807292,0.5000499179294451,0.49887465179042945
48.300000000000416,0.1,0.0,0.0,1.5,0.5,1.6597219202807292,0.5000499179294451,0.49887465179042945
48.40000000000042,0.1,0.0,0.0,1.5,0.5,1.6597219202807292,0.5000499179294451,0.49887465179042945
48.50000000000042,0.1,0.0,0.0,1.5,0.5,1.6597219202807292,0.5000499179294451,0.49887465179042945
48.60000000000042,0.1,0.0,0.0,1.5,0.5,1.6597219202807292,0.5000499179294451,0.49887465179042945
48.70000000000042,0.1,0.0,0.0,1.5,0.5,1.6597219202807292,0.5000499179294451,0.49887465179042945
48.80000000000042,0.1,0.0,0.0,1.5,0.5,1.6597219202807292,0.5000499179294451,0.49887465179042945
48.900000000000425,0.1,0.0,0.0,1.5,0.5,1.6597219202807292,0.5000499179294451,0.49887465179042945
49.000000000000426,0.1,0.0,0.0,1.5,0.5,1.6597219202807292,0.5000499179294451,0.49887465179042945
49.10000000000043,0.1,0.0,0.0,1.5,0.5,1.6597219202807292,0.5000499179294451,0.49887465179042945
49.20000000000043,0.1,0.0,0.0,1.5,0.5,1.6597219202807292,0.5000499179294451,0.49887465179042945
49.30000000000043,0.1,0.0,0.0,1.5,0.5,1.6597219202807292,0.5000499179294451,0.49887465179042945
49.40000000000043,0.1,0.0,0.0,1.5,0.5,1.6597219202807292,0.5000499179294451,0.49887465179042945
49.50000000000043,0.1,0.0,0.0,1.5,0.5,1.6597219202807292,0.5000499179294451,0.49887465179042945
49.600000000000435,0.1,0.0,0.0,1.5,0.5,1.6597219202807292,0.5000499179294451,0.49887465179042945
49.700000000000436,0.1,0.0,0.0,1.5,0.5,1.6597219202807292,0.5000499179294451,0.49887465179042945
49.80000000000044,0.1,0.0,0.0,1.5,0.5,1.6597219202807292,0.5000499179294451,0.49887465179042945
49.90000000000044,0.1,0.0,0.0,1.5,0.5,1.6597219202807292,0.5000499179294451,0.49887465179042945
50.00000000000044,0.1,0.0,0.0,1.5,0.5,1.6597219202807292,0.5000499179294451,0.49887465179042945
50.10000000000044,0.1,0.0,0.0,1.5,0.5,1.6597219202807292,0.5000499179294451,0.49887465179042945
50.20000000000044,0.1,0.0,0.0,1.5,0.5,1.6597219202807292,0.5000499179294451,0.49887465179042945
50.300000000000445,0.1,0.0,0.0,1.5,0.5,1.6597219202807292,0.5000499179294451,0.49887465179042945
50.400000000000446,0.1,0.0,0.0,1.5,0.5,1.6597219202807292,0.5000499179294451,0.49887465179042945
50.50000000000045,0.1,0.0,0.0,1.5,0.5,1.6597219202807292,0.5000499179294451,0.49887465179042945
50.60000000000045,0.1,0.0,0.0,1.5,0.5,1.6597219202807292,0.5000499179294451,0.49887465179042945
50.70000000000045,0.1,0.0,0.0,1.5,0.5,1.6597219202807292,0.5000499179294451,0.49887465179042945
50.80000000000045,0.1,0.0,0.0,1.5,0.5,1.6597219202807292,0.5000499179294451,0.49887465179042945
50.90000000000045,0.1,0.0,0.0,1.5,0.5,1.6597219202807292,0.5000499179294451,0.49887465179042945
51.000000000000455,0.1,0.0,0.0,1.5,0.5,1.6597219202807292,0.5000499179294451,0.49887465179042945
51.100000000000456,0.1,0.0,0.0,1.5,0.5,1.6597219202807292,0.5000499179294451,0.49887465179042945
51.20000000000046,0.1,0.0,0.0,1.5,0.5,1.6597219202807292,0.5000499179294451,0.49887465179042945
51.30000000000046,0.1,0.0,0.0,1.5,0.5,1.6597219202807292,0.5000499179294451,0.49887465179042945
51.40000000000046,0.1,0.0,0.0,1.5,0.5,1.6597219202807292,0.5000499179294451,0.49887465179042945
51.50000000000046,0.1,0.0,0.0,1.5,0.5,1.6597219202807292,0.5000499179294451,0.49887465179042945
51.60000000000046,0.1,0.0,0.0,1.5,0.5,1.6597219202807292,0.5000499179294451,0.49887465179042945
51.700000000000465,0.1,0.0,0.0,1.5,0.5,1.6597219202807292,0.5000499179294451,0.49887465179042945
51.800000000000466,0.1,0.0,0.0,1.5,0.5,1.6597219202807292,0.5000499179294451,0.49887465179042945
51.90000000000047,0.1,0.0,0.0,1.5,0.5,1.6597219202807292,0.5000499179294451,0.49887465179042945
52.00000000000047,0.1,0.0,0.0,1.5,0.5,1.6597219202807292,0.5000499179294451,0.49887465179042945
52.10000000000047,0.1,0.0,0.0,1.5,0.5,1.6597219202807292,0.5000499179294451,0.49887465179042945
52.20000000000047,0.1,0.0,0.0,1.5,0.5,1.6597219202807292,0.5000499179294451,0.49887465179042945
52.30000000000047,0.1,0.0,0.0,1.5,0.5,1.6597219202807292,0.5000499179294451,0.49887465179042945
52.400000000000475,0.1,0.0,0.0,1.5,0.5,1.6597219202807292,0.5000499179294451,0.49887465179042945
52.500000000000476,0.1,0.0,0.0,1.5,0.5,1.6597219202807292,0.5000499179294451,0.49887465179042945
52.60000000000048,0.1,0.0,0.0,1.5,0.5,1.6597219202807292,0.5000499179294451,0.49887465179042945
52.70000000000048,0.1,0.0,0.0,1.5,0.5,1.6597219202807292,0.5000499179294451,0.49887465179042945
52.80000000000048,0.1,0.0,0.0,1.5,0.5,1.6597219202807292,0.5000499179294451,0.49887465179042945
52.90000000000048,0.1,0.0,0.0,1.5,0.5,1.6597219202807292,0.5000499179294451,0.49887465179042945
53.00000000000048,0.1,0.0,0.0,1.5,0.5,1.6597219202807292,0.5000499179294451,0.49887465179042945
53.100000000000485,0.1,0.0,0.0,1.5,0.5,1.6597219202807292,0.5000499179294451,0.49887465179042945
53.200000000000486,0.1,0.0,0.0,1.5,0.5,1.6597219202807292,0.5000499179294451,0.49887465179042945
53.30000000000049,0.1,0.0,0.0,1.5,0.5,1.6597219202807292,0.5000499179294451,0.49887465179042945
53.40000000000049,0.1,0.0,0.0,1.5,0.5,1.6597219202807292,0.5000499179294451,0.49887465179042945
53.50000000000049,0.1,0.0,0.0,1.5,0.5,1.6597219202807292,0.5000499179294451,0.49887465179042945
53.60000000000049,0.1,0.0,0.0,1.5,0.5,1.6597219202807292,0.5000499179294451,0.49887465179042945
53.70000000000049,0.1,0.0,0.0,1.5,0.5,1.6597219202807292,0.5000499179294451,0.49887465179042945
53.800000000000495,0.1,0.0,0.0,1.5,0.5,1.6597219202807292,0.5000499179294451,0.49887465179042945
53.900000000000496,0.1,0.0,0.0,1.5,0.5,1.6597219202807292,0.5000499179294451,0.49887465179042945
54.0000000000005,0.1,0.0,0.0,1.5,0.5,1.6597219202807292,0.5000499179294451,0.49887465179042945
54.1000000000005,0.1,0.0,0.0,1.5,0.5,1.6597219202807292,0.5000499179294451,0.49887465179042945
54.2000000000005,0.1,0.0,0.0,1.5,0.5,1.6597219202807292,0.5000499179294451,0.49887465179042945
54.3000000000005,0.1,0.0,0.0,1.5,0.5,1.6597219202807292,0.5000499179294451,0.49887465179042945
54.4000000000005,0.1,0.0,0.0,1.5,0.5,1.6597219202807292,0.5000499179294451,0.49887465179042945
54.500000000000504,0.1,0.0,0.0,1.5,0.5,1.6597219202807292,0.5000499179294451,0.49887465179042945
54.600000000000506,0.1,0.0,0.0,1.5,0.5,1.6597219202807292,0.5000499179294451,0.49887465179042945
54.70000000000051,0.1,0.0,0.0,1.5,0.5,1.6597219202807292,0.5000499179294451,0.49887465179042945
54.80000000000051,0.1,0.0,0.0,1.5,0.5,1.6597219202807292,0.5000499179294451,0.49887465179042945
54.90000000000051,0.1,0.0,0.0,1.5,0.5,1.6597219202807292,0.5000499179294451,0.49887465179042945
55.00000000000051,0.1,0.0,0.0,1.5,0.5,1.6597219202807292,0.5000499179294451,0.49887465179042945
55.10000000000051,0.1,0.0,0.0,1.5,0.5,1.6597219202807292,0.5000499179294451,0.49887465179042945
55.200000000000514,0.1,0.0,0.0,1.5,0.5,1.6597219202807292,0.5000499179294451,0.49887465179042945
55.300000000000516,0.1,0.0,0.0,1.5,0.5,1.6597219202807292,0.5000499179294451,0.49887465179042945
55.40000000000052,0.1,0.0,0.0,1.5,0.5,1.6597219202807292,0.5000499179294451,0.49887465179042945
55.50000000000052,0.1,0.0,0.0,1.5,0.5,1.6597219202807292,0.5000499179294451,0.49887465179042945
55.60000000000052,0.1,0.0,0.0,1.5,0.5,1.6597219202807292,0.5000499179294451,0.49887465179042945
55.70000000000052,0.1,0.0,0.0,1.5,0.5,1.6597219202807292,0.5000499179294451,0.49887465179042945
55.80000000000052,0.1,0.0,0.0,1.5,0.5,1.6597219202807292,0.5000499179294451,0.49887465179042945
55.900000000000524,0.1,0.0,0.0,1.5,0.5,1.6597219202807292,0.5000499179294451,0.49887465179042945
56.000000000000526,0.1,0.0,0.0,1.5,0.5,1.6597219202807292,0.5000499179294451,0.49887465179042945
56.10000000000053,0.1,0.0,0.0,1.5,0.5,1.6597219202807292,0.5000499179294451,0.49887465179042945
56.20000000000053,0.1,0.0,0.0,1.5,0.5,1.6597219202807292,0.5000499179294451,0.49887465179042945
56.30000000000053,0.1,0.0,0.0,1.5,0.5,1.6597219202807292,0.5000499179294451,0.49887465179042945
56.40000000000053,0.1,0.0,0.0,1.5,0.5,1.6597219202807292,0.5000499179294451,0.49887465179042945
56.50000000000053,0.1,0.0,0.0,1.5,0.5,1.6597219202807292,0.5000499179294451,0.49887465179042945
56.600000000000534,0.1,0.0,0.0,1.5,0.5,1.6597219202807292,0.5000499179294451,0.49887465179042945
56.700000000000536,0.1,0.0,0.0,1.5,0.5,1.6597219202807292,0.5000499179294451,0.49887465179042945
56.80000000000054,0.1,0.0,0.0,1.5,0.5,1.6597219202807292,0.5000499179294451,0.49887465179042945
56.90000000000054,0.1,0.0,0.0,1.5,0.5,1.6597219202807292,0.5000499179294451,0.49887465179042945
57.00000000000054,0.1,0.0,0.0,1.5,0.5,1.6597219202807292,0.5000499179294451,0.49887465179042945
57.10000000000054,0.1,0.0,0.0,1.5,0.5,1.6597219202807292,0.5000499179294451,0.49887465179042945
57.20000000000054,0.1,0.0,0.0,1.5,0.5,1.6597219202807292,0.5000499179294451,0.49887465179042945
57.300000000000544,0.1,0.0,0.0,1.5,0.5,1.6597219202807292,0.5000499179294451,0.49887465179042945
57.400000000000546,0.1,0.0,0.0,1.5,0.5,1.6597219202807292,0.5000499179294451,0.49887465179042945
57.50000000000055,0.1,0.0,0.0,1.5,0.5,1.6597219202807292,0.5000499179294451,0.49887465179042945
57.60000000000055,0.1,0.0,0.0,1.5,0.5,1.6597219202807292,0.5000499179294451,0.49887465179042945
57.70000000000055,0.1,0.0,0.0,1.5,0.5,1.6597219202807292,0.5000499179294451,0.49887465179042945
57.80000000000055,0.1,0.0,0.0,1.5,0.5,1.6597219202807292,0.5000499179294451,0.49887465179042945
57.90000000000055,0.1,0.0,0.0,1.5,0.5,1.6597219202807292,0.5000499179294451,0.49887465179042945
58.000000000000554,0.1,0.0,0.0,1.5,0.5,1.6597219202807292,0.5000499179294451,0.49887465179042945
58.100000000000556,0.1,0.0,0.0,1.5,0.5,1.6597219202807292,0.5000499179294451,0.49887465179042945
58.20000000000056,0.1,0.0,0.0,1.5,0.5,1.6597219202807292,0.5000499179294451,0.49887465179042945
58.30000000000056,0.1,0.0,0.0,1.5,0.5,1.6597219202807292,0.5000499179294451,0.49887465179042945
58.40000000000056,0.1,0.0,0.0,1.5,0.5,1.6597219202807292,0.5000499179294451,0.49887465179042945
58.50000000000056,0.1,0.0,0.0,1.5,0.5,1.6597219202807292,0.5000499179294451,0.49887465179042945
58.60000000000056,0.1,0.0,0.0,1.5,0.5,1.6597219202807292,0.5000499179294451,0.49887465179042945
58.700000000000564,0.1,0.0,0.0,1.5,0.5,1.6597219202807292,0.5000499179294451,0.49887465179042945
58.800000000000566,0.1,0.0,0.0,1.5,0.5,1.6597219202807292,0.5000499179294451,0.49887465179042945
58.90000000000057,0.1,0.0,0.0,1.5,0.5,1.6597219202807292,0.5000499179294451,0.49887465179042945
59.00000000000057,0.1,0.0,0.0,1.5,0.5,1.6597219202807292,0.5000499179294451,0.49887465179042945
59.10000000000057,0.1,0.0,0.0,1.5,0.5,1.6597219202807292,0.5000499179294451,0.49887465179042945
59.20000000000057,0.1,0.0,0.0,1.5,0.5,1.6597219202807292,0.5000499179294451,0.49887465179042945
59.30000000000057,0.1,0.0,0.0,1.5,0.5,1.6597219202807292,0.5000499179294451,0.49887465179042945
59.400000000000574,0.1,0.0,0.0,1.5,0.5,1.6597219202807292,0.5000499179294451,0.49887465179042945
59.500000000000576,0.1,0.0,0.0,1.5,0.5,1.6597219202807292,0.5000499179294451,0.49887465179042945
59.60000000000058,0.1,0.0,0.0,1.5,0.5,1.6597219202807292,0.5000499179294451,0.49887465179042945
59.70000000000058,0.1,0.0,0.0,1.5,0.5,1.6597219202807292,0.5000499179294451,0.49887465179042945
59.80000000000058,0.1,0.0,0.0,1.5,0.5,1.6597219202807292,0.5000499179294451,0.49887465179042945
59.90000000000058,0.1,0.0,0.0,1.5,0.5,1.6597219202807292,0.5000499179294451,0.49887465179042945
60.00000000000058,0.1,0.0,0.0,1.5,0.5,1.6597219202807292,0.5000499179294451,0.49887465179042945
60.100000000000584,0.1,0.0,0.0,1.5,0.5,1.6597219202807292,0.5000499179294451,0.49887465179042945
60.200000000000585,0.1,0.0,0.0,1.5,0.5,1.6597219202807292,0.5000499179294451,0.49887465179042945
60.30000000000059,0.1,0.0,0.0,1.5,0.5,1.6597219202807292,0.5000499179294451,0.49887465179042945
60.40000000000059,0.1,0.0,0.0,1.5,0.5,1.6597219202807292,0.5000499179294451,0.49887465179042945
60.50000000000059,0.1,0.0,0.0,1.5,0.5,1.6597219202807292,0.5000499179294451,0.49887465179042945
60.60000000000059,0.1,0.0,0.0,1.5,0.5,1.6597219202807292,0.5000499179294451,0.49887465179042945
60.70000000000059,0.1,0.0,0.0,1.5,0.5,1.6597219202807292,0.5000499179294451,0.49887465179042945
60.800000000000594,0.1,0.0,0.0,1.5,0.5,1.6597219202807292,0.5000499179294451,0.49887465179042945
60.900000000000595,0.1,0.0,0.0,1.5,0.5,1.6597219202807292,0.5000499179294451,0.49887465179042945
61.0000000000006,0.1,0.0,0.0,1.5,0.5,1.6597219202807292,0.5000499179294451,0.49887465179042945
61.1000000000006,0.1,0.0,0.0,1.5,0.5,1.6597219202807292,0.5000499179294451,0.49887465179042945
61.2000000000006,0.1,0.0,0.0,1.5,0.5,1.6597219202807292,0.5000499179294451,0.49887465179042945
61.3000000000006,0.1,0.0,0.0,1.5,0.5,1.6597219202807292,0.5000499179294451,0.49887465179042945
61.4000000000006,0.1,0.0,0.0,1.5,0.5,1.6597219202807292,0.5000499179294451,0.49887465179042945
61.500000000000604,0.1,0.0,0.0,1.5,0.5,1.6597219202807292,0.5000499179294451,0.49887465179042945
61.600000000000605,0.1,0.0,0.0,1.5,0.5,1.6597219202807292,0.5000499179294451,0.49887465179042945
61.70000000000061,0.1,0.0,0.0,1.5,0.5,1.6597219202807292,0.5000499179294451,0.49887465179042945
61.80000000000061,0.1,0.0,0.0,1.5,0.5,1.6597219202807292,0.5000499179294451,0.49887465179042945
61.90000000000061,0.1,0.0,0.0,1.5,0.5,1.6597219202807292,0.5000499179294451,0.49887465179042945
62.00000000000061,0.1,0.0,0.0,1.5,0.5,1.6597219202807292,0.5000499179294451,0.49887465179042945
62.10000000000061,0.1,0.0,0.0,1.5,0.5,1.6597219202807292,0.5000499179294451,0.49887465179042945
62.200000000000614,0.1,0.0,0.0,1.5,0.5,1.6597219202807292,0.5000499179294451,0.49887465179042945
62.300000000000615,0.1,0.0,0.0,1.5,0.5,1.6597219202807292,0.5000499179294451,0.49887465179042945
62.40000000000062,0.1,0.0,0.0,1.5,0.5,1.6597219202807292,0.5000499179294451,0.49887465179042945
62.50000000000062,0.1,0.0,0.0,1.5,0.5,1.6597219202807292,0.5000499179294451,0.49887465179042945
62.60000000000062,0.1,0.0,0.0,1.5,0.5,1.6597219202807292,0.5000499179294451,0.49887465179042945
62.70000000000062,0.1,0.0,0.0,1.5,0.5,1.6597219202807292,0.5000499179294451,0.49887465179042945
62.80000000000062,0.1,0.0,0.0,1.5,0.5,1.6597219202807292,0.5000499179294451,0.49887465179042945
62.900000000000624,0.1,0.0,0.0,1.5,0.5,1.6597219202807292,0.5000499179294451,0.49887465179042945
63.000000000000625,0.1,0.0,0.0,1.5,0.5,1.6597219202807292,0.5000499179294451,0.49887465179042945
63.10000000000063,0.1,0.0,0.0,1.5,0.5,1.6597219202807292,0.5000499179294451,0.49887465179042945
63.20000000000063,0.1,0.0,0.0,1.5,0.5,1.6597219202807292,0.5000499179294451,0.49887465179042945
63.30000000000063,0.1,0.0,0.0,1.5,0.5,1.6597219202807292,0.5000499179294451,0.49887465179042945
63.40000000000063,0.1,0.0,0.0,1.5,0.5,1.6597219202807292,0.5000499179294451,0.49887465179042945
63.50000000000063,0.1,0.0,0.0,1.5,0.5,1.6597219202807292,0.5000499179294451,0.49887465179042945
63.600000000000634,0.1,0.0,0.0,1.5,0.5,1.6597219202807292,0.5000499179294451,0.49887465179042945
63.700000000000635,0.1,0.0,0.0,1.5,0.5,1.6597219202807292,0.5000499179294451,0.49887465179042945
63.80000000000064,0.1,0.0,0.0,1.5,0.5,1.6597219202807292,0.5000499179294451,0.49887465179042945
63.90000000000064,0.1,0.0,0.0,1.5,0.5,1.6597219202807292,0.5000499179294451,0.49887465179042945
64.00000000000064,0.1,0.0,0.0,1.5,0.5,1.6597219202807292,0.5000499179294451,0.49887465179042945
64.10000000000063,0.1,0.0,0.0,1.5,0.5,1.6597219202807292,0.5000499179294451,0.49887465179042945
64.20000000000063,0.1,0.0,0.0,1.5,0.5,1.6597219202807292,0.5000499179294451,0.49887465179042945
64.30000000000062,0.1,0.0,0.0,1.5,0.5,1.6597219202807292,0.5000499179294451,0.49887465179042945
64.40000000000062,0.1,0.0,0.0,1.5,0.5,1.6597219202807292,0.5000499179294451,0.49887465179042945
64.50000000000061,0.1,0.0,0.0,1.5,0.5,1.6597219202807292,0.5000499179294451,0.49887465179042945
64.6000000000006,0.1,0.0,0.0,1.5,0.5,1.6597219202807292,0.5000499179294451,0.49887465179042945
64.7000000000006,0.1,0.0,0.0,1.5,0.5,1.6597219202807292,0.5000499179294451,0.49887465179042945
64.8000000000006,0.1,0.0,0.0,1.5,0.5,1.6597219202807292,0.5000499179294451,0.49887465179042945
64.90000000000059,0.1,0.0,0.0,1.5,0.5,1.6597219202807292,0.5000499179294451,0.49887465179042945
65.00000000000058,0.1,0.0,0.0,1.5,0.5,1.6597219202807292,0.5000499179294451,0.49887465179042945
65.10000000000058,0.1,0.0,0.0,1.5,0.5,1.6597219202807292,0.5000499179294451,0.49887465179042945
65.20000000000057,0.1,0.0,0.0,1.5,0.5,1.6597219202807292,0.5000499179294451,0.49887465179042945
65.30000000000057,0.1,0.0,0.0,1.5,0.5,1.6597219202807292,0.5000499179294451,0.49887465179042945
65.40000000000056,0.1,0.0,0.0,1.5,0.5,1.6597219202807292,0.5000499179294451,0.49887465179042945
65.50000000000055,0.1,0.0,0.0,1.5,0.5,1.6597219202807292,0.5000499179294451,0.49887465179042945
65.60000000000055,0.1,0.0,0.0,1.5,0.5,1.6597219202807292,0.5000499179294451,0.49887465179042945
65.70000000000054,0.1,0.0,0.0,1.5,0.5,1.6597219202807292,0.5000499179294451,0.49887465179042945
65.80000000000054,0.1,0.0,0.0,1.5,0.5,1.6597219202807292,0.5000499179294451,0.49887465179042945
65.90000000000053,0.1,0.0,0.0,1.5,0.5,1.6597219202807292,0.5000499179294451,0.49887465179042945
66.00000000000053,0.1,0.0,0.0,1.5,0.5,1.6597219202807292,0.5000499179294451,0.49887465179042945
66.10000000000052,0.1,0.0,0.0,1.5,0.5,1.6597219202807292,0.5000499179294451,0.49887465179042945
66.20000000000051,0.1,0.0,0.0,1.5,0.5,1.6597219202807292,0.5000499179294451,0.49887465179042945
66.30000000000051,0.1,0.0,0.0,1.5,0.5,1.6597219202807292,0.5000499179294451,0.49887465179042945
66.4000000000005,0.1,0.0,0.0,1.5,0.5,1.6597219202807292,0.5000499179294451,0.49887465179042945
66.5000000000005,0.1,0.0,0.0,1.5,0.5,1.6597219202807292,0.5000499179294451,0.49887465179042945
66.60000000000049,0.1,0.0,0.0,1.5,0.5,1.6597219202807292,0.5000499179294451,0.49887465179042945
66.70000000000049,0.1,0.0,0.0,1.5,0.5,1.6597219202807292,0.5000499179294451,0.49887465179042945
66.80000000000048,0.1,0.0,0.0,1.5,0.5,1.6597219202807292,0.5000499179294451,0.49887465179042945
66.90000000000047,0.1,0.0,0.0,1.5,0.5,1.6597219202807292,0.5000499179294451,0.49887465179042945
67.00000000000047,0.1,0.0,0.0,1.5,0.5,1.6597219202807292,0.5000499179294451,0.49887465179042945
67.10000000000046,0.1,0.0,0.0,1.5,0.5,1.6597219202807292,0.5000499179294451,0.49887465179042945
67.20000000000046,0.1,0.0,0.0,1.5,0.5,1.6597219202807292,0.5000499179294451,0.49887465179042945
67.30000000000045,0.1,0.0,0.0,1.5,0.5,1.6597219202807292,0.5000499179294451,0.49887465179042945
67.40000000000045,0.1,0.0,0.0,1.5,0.5,1.6597219202807292,0.5000499179294451,0.49887465179042945
67.50000000000044,0.1,0.0,0.0,1.5,0.5,1.6597219202807292,0.5000499179294451,0.49887465179042945
67.60000000000043,0.1,0.0,0.0,1.5,0.5,1.6597219202807292,0.5000499179294451,0.49887465179042945
67.70000000000043,0.1,0.0,0.0,1.5,0.5,1.6597219202807292,0.5000499179294451,0.49887465179042945
67.80000000000042,0.1,0.0,0.0,1.5,0.5,1.6597219202807292,0.5000499179294451,0.49887465179042945
67.90000000000042,0.1,0.0,0.0,1.5,0.5,1.6597219202807292,0.5000499179294451,0.49887465179042945
68.00000000000041,0.1,0.0,0.0,1.5,0.5,1.6597219202807292,0.5000499179294451,0.49887465179042945
68.1000000000004,0.1,0.0,0.0,1.5,0.5,1.6597219202807292,0.5000499179294451,0.49887465179042945
68.2000000000004,0.1,0.0,0.0,1.5,0.5,1.6597219202807292,0.5000499179294451,0.49887465179042945
68.3000000000004,0.1,0.0,0.0,1.5,0.5,1.6597219202807292,0.5000499179294451,0.49887465179042945
68.40000000000039,0.1,0.0,0.0,1.5,0.5,1.6597219202807292,0.5000499179294451,0.49887465179042945
68.50000000000038,0.1,0.0,0.0,1.5,0.5,1.6597219202807292,0.5000499179294451,0.49887465179042945
68.60000000000038,0.1,0.0,0.0,1.5,0.5,1.6597219202807292,0.5000499179294451,0.49887465179042945
68.70000000000037,0.1,0.0,0.0,1.5,0.5,1.6597219202807292,0.5000499179294451,0.49887465179042945
68.80000000000037,0.1,0.0,0.0,1.5,0.5,1.6597219202807292,0.5000499179294451,0.49887465179042945
68.90000000000036,0.1,0.0,0.0,1.5,0.5,1.6597219202807292,0.5000499179294451,0.49887465179042945
69.00000000000036,0.1,0.0,0.0,1.5,0.5,1.6597219202807292,0.5000499179294451,0.49887465179042945
69.10000000000035,0.1,0.0,0.0,1.5,0.5,1.6597219202807292,0.5000499179294451,0.49887465179042945
69.20000000000034,0.1,0.0,0.0,1.5,0.5,1.6597219202807292,0.5000499179294451,0.49887465179042945
69.30000000000034,0.1,0.0,0.0,1.5,0.5,1.6597219202807292,0.5000499179294451,0.49887465179042945
69.40000000000033,0.1,0.0,0.0,1.5,0.5,1.6597219202807292,0.5000499179294451,0.49887465179042945
69.50000000000033,0.1,0.0,0.0,1.5,0.5,1.6597219202807292,0.5000499179294451,0.49887465179042945
69.60000000000032,0.1,0.0,0.0,1.5,0.5,1.6597219202807292,0.5000499179294451,0.49887465179042945
69.70000000000032,0.1,0.0,0.0,1.5,0.5,1.6597219202807292,0.5000499179294451,0.49887465179042945
69.80000000000031,0.1,0.0,0.0,1.5,0.5,1.6597219202807292,0.5000499179294451,0.49887465179042945
69.9000000000003,0.1,0.0,0.0,1.5,0.5,1.6597219202807292,0.5000499179294451,0.49887465179042945
70.0000000000003,0.1,0.0,0.0,1.5,0.5,1.6597219202807292,0.5000499179294451,0.49887465179042945
70.10000000000029,0.1,0.0,0.0,1.5,0.5,1.6597219202807292,0.5000499179294451,0.49887465179042945
70.20000000000029,0.1,0.0,0.0,1.5,0.5,1.6597219202807292,0.5000499179294451,0.49887465179042945
70.30000000000028,0.1,0.0,0.0,1.5,0.5,1.6597219202807292,0.5000499179294451,0.49887465179042945
70.40000000000028,0.1,0.0,0.0,1.5,0.5,1.6597219202807292,0.5000499179294451,0.49887465179042945
70.50000000000027,0.1,0.0,0.0,1.5,0.5,1.6597219202807292,0.5000499179294451,0.49887465179042945
70.60000000000026,0.1,0.0,0.0,1.5,0.5,1.6597219202807292,0.5000499179294451,0.49887465179042945
70.70000000000026,0.1,0.0,0.0,1.5,0.5,1.6597219202807292,0.5000499179294451,0.49887465179042945
70.80000000000025,0.1,0.0,0.0,1.5,0.5,1.6597219202807292,0.5000499179294451,0.49887465179042945
70.90000000000025,0.1,0.0,0.0,1.5,0.5,1.6597219202807292,0.5000499179294451,0.49887465179042945
71.00000000000024,0.1,0.0,0.0,1.5,0.5,1.6597219202807292,0.5000499179294451,0.49887465179042945
71.10000000000024,0.1,0.0,0.0,1.5,0.5,1.6597219202807292,0.5000499179294451,0.49887465179042945
71.20000000000023,0.1,0.0,0.0,1.5,0.5,1.6597219202807292,0.5000499179294451,0.49887465179042945
71.30000000000022,0.1,0.0,0.0,1.5,0.5,1.6597219202807292,0.5000499179294451,0.49887465179042945
71.40000000000022,0.1,0.0,0.0,1.5,0.5,1.6597219202807292,0.5000499179294451,0.49887465179042945
71.50000000000021,0.1,0.0,0.0,1.5,0.5,1.6597219202807292,0.5000499179294451,0.49887465179042945
71.60000000000021,0.1,0.0,0.0,1.5,0.5,1.6597219202807292,0.5000499179294451,0.49887465179042945
71.7000000000002,0.1,0.0,0.0,1.5,0.5,1.6597219202807292,0.5000499179294451,0.49887465179042945
71.8000000000002,0.1,0.0,0.0,1.5,0.5,1.6597219202807292,0.5000499179294451,0.49887465179042945
71.90000000000019,0.1,0.0,0.0,1.5,0.5,1.6597219202807292,0.5000499179294451,0.49887465179042945
72.00000000000018,0.1,0.0,0.0,1.5,0.5,1.6597219202807292,0.5000499179294451,0.49887465179042945
72.10000000000018,0.1,0.0,0.0,1.5,0.5,1.6597219202807292,0.5000499179294451,0.49887465179042945
72.20000000000017,0.1,0.0,0.0,1.5,0.5,1.6597219202807292,0.5000499179294451,0.49887465179042945
72.30000000000017,0.1,0.0,0.0,1.5,0.5,1.6597219202807292,0.5000499179294451,0.49887465179042945
72.40000000000016,0.1,0.0,0.0,1.5,0.5,1.6597219202807292,0.5000499179294451,0.49887465179042945
72.50000000000016,0.1,0.0,0.0,1.5,0.5,1.6597219202807292,0.5000499179294451,0.49887465179042945
72.60000000000015,0.1,0.0,0.0,1.5,0.5,1.6597219202807292,0.5000499179294451,0.49887465179042945
72.70000000000014,0.1,0.0,0.0,1.5,0.5,1.6597219202807292,0.5000499179294451,0.49887465179042945
72.80000000000014,0.1,0.0,0.0,1.5,0.5,1.6597219202807292,0.5000499179294451,0.49887465179042945
72.90000000000013,0.1,0.0,0.0,1.5,0.5,1.6597219202807292,0.5000499179294451,0.49887465179042945
73.00000000000013,0.1,0.0,0.0,1.5,0.5,1.6597219202807292,0.5000499179294451,0.49887465179042945
73.10000000000012,0.1,0.0,0.0,1.5,0.5,1.6597219202807292,0.5000499179294451,0.49887465179042945
73.20000000000012,0.1,0.0,0.0,1.5,0.5,1.6597219202807292,0.5000499179294451,0.49887465179042945
73.30000000000011,0.1,0.0,0.0,1.5,0.5,1.6597219202807292,0.5000499179294451,0.49887465179042945
73.4000000000001,0.1,0.0,0.0,1.5,0.5,1.6597219202807292,0.5000499179294451,0.49887465179042945
73.5000000000001,0.1,0.0,0.0,1.5,0.5,1.6597219202807292,0.5000499179294451,0.49887465179042945
73.6000000000001,0.1,0.0,0.0,1.5,0.5,1.6597219202807292,0.5000499179294451,0.49887465179042945
73.70000000000009,0.1,0.0,0.0,1.5,0.5,1.6597219202807292,0.5000499179294451,0.49887465179042945
73.80000000000008,0.1,0.0,0.0,1.5,0.5,1.6597219202807292,0.5000499179294451,0.49887465179042945
73.90000000000008,0.1,0.0,0.0,1.5,0.5,1.6597219202807292,0.5000499179294451,0.49887465179042945
74.00000000000007,0.1,0.0,0.0,1.5,0.5,1.6597219202807292,0.5000499179294451,0.49887465179042945
74.10000000000007,0.1,0.0,0.0,1.5,0.5,1.6597219202807292,0.5000499179294451,0.49887465179042945
74.20000000000006,0.1,0.0,0.0,1.5,0.5,1.6597219202807292,0.5000499179294451,0.49887465179042945
74.30000000000005,0.1,0.0,0.0,1.5,0.5,1.6597219202807292,0.5000499179294451,0.49887465179042945
74.40000000000005,0.1,0.0,0.0,1.5,0.5,1.6597219202807292,0.5000499179294451,0.49887465179042945
74.50000000000004,0.1,0.0,0.0,1.5,0.5,1.6597219202807292,0.5000499179294451,0.49887465179042945
74.60000000000004,0.1,0.0,0.0,1.5,0.5,1.6597219202807292,0.5000499179294451,0.49887465179042945
74.70000000000003,0.1,0.0,0.0,1.5,0.5,1.6597219202807292,0.5000499179294451,0.49887465179042945
74.80000000000003,0.1,0.0,0.0,1.5,0.5,1.6597219202807292,0.5000499179294451,0.49887465179042945
74.90000000000002,0.1,0.0,0.0,1.5,0.5,1.6597219202807292,0.5000499179294451,0.49887465179042945
75.00000000000001,0.1,0.0,0.0,1.5,0.5,1.6597219202807292,0.5000499179294451,0.49887465179042945
75.10000000000001,0.1,0.0,0.0,1.5,0.5,1.6597219202807292,0.5000499179294451,0.49887465179042945
75.2,0.1,0.0,0.0,1.5,0.5,1.6597219202807292,0.5000499179294451,0.49887465179042945
75.3,0.1,0.0,0.0,1.5,0.5,1.6597219202807292,0.5000499179294451,0.49887465179042945
75.39999999999999,0.1,0.0,0.0,1.5,0.5,1.6597219202807292,0.5000499179294451,0.49887465179042945
75.49999999999999,0.1,0.0,0.0,1.5,0.5,1.6597219202807292,0.5000499179294451,0.49887465179042945
75.59999999999998,0.1,0.0,0.0,1.5,0.5,1.6597219202807292,0.5000499179294451,0.49887465179042945
75.69999999999997,0.1,0.0,0.0,1.5,0.5,1.6597219202807292,0.5000499179294451,0.49887465179042945
75.79999999999997,0.1,0.0,0.0,1.5,0.5,1.6597219202807292,0.5000499179294451,0.49887465179042945
75.89999999999996,0.1,0.0,0.0,1.5,0.5,1.6597219202807292,0.5000499179294451,0.49887465179042945
75.99999999999996,0.1,0.0,0.0,1.5,0.5,1.6597219202807292,0.5000499179294451,0.49887465179042945
76.09999999999995,0.1,0.0,0.0,1.5,0.5,1.6597219202807292,0.5000499179294451,0.49887465179042945
76.19999999999995,0.1,0.0,0.0,1.5,0.5,1.6597219202807292,0.5000499179294451,0.49887465179042945
76.29999999999994,0.1,0.0,0.0,1.5,0.5,1.6597219202807292,0.5000499179294451,0.49887465179042945
76.39999999999993,0.1,0.0,0.0,1.5,0.5,1.6597219202807292,0.5000499179294451,0.49887465179042945
76.49999999999993,0.1,0.0,0.0,1.5,0.5,1.6597219202807292,0.5000499179294451,0.49887465179042945
76.59999999999992,0.1,0.0,0.0,1.5,0.5,1.6597219202807292,0.5000499179294451,0.49887465179042945
76.69999999999992,0.1,0.0,0.0,1.5,0.5,1.6597219202807292,0.5000499179294451,0.49887465179042945
76.79999999999991,0.1,0.0,0.0,1.5,0.5,1.6597219202807292,0.5000499179294451,0.49887465179042945
76.8999999999999,0.1,0.0,0.0,1.5,0.5,1.6597219202807292,0.5000499179294451,0.49887465179042945
76.9999999999999,0.1,0.0,0.0,1.5,0.5,1.6597219202807292,0.5000499179294451,0.49887465179042945
77.0999999999999,0.1,0.0,0.0,1.5,0.5,1.6597219202807292,0.5000499179294451,0.49887465179042945
77.19999999999989,0.1,0.0,0.0,1.5,0.5,1.6597219202807292,0.5000499179294451,0.49887465179042945
77.29999999999988,0.1,0.0,0.0,1.5,0.5,1.6597219202807292,0.5000499179294451,0.49887465179042945
77.39999999999988,0.1,0.0,0.0,1.5,0.5,1.6597219202807292,0.5000499179294451,0.49887465179042945
77.49999999999987,0.1,0.0,0.0,1.5,0.5,1.6597219202807292,0.5000499179294451,0.49887465179042945
77.59999999999987,0.1,0.0,0.0,1.5,0.5,1.6597219202807292,0.5000499179294451,0.49887465179042945
77.69999999999986,0.1,0.0,0.0,1.5,0.5,1.6597219202807292,0.5000499179294451,0.49887465179042945
77.79999999999986,0.1,0.0,0.0,1.5,0.5,1.6597219202807292,0.5000499179294451,0.49887465179042945
77.89999999999985,0.1,0.0,0.0,1.5,0.5,1.6597219202807292,0.5000499179294451,0.49887465179042945
77.99999999999984,0.1,0.0,0.0,1.5,0.5,1.6597219202807292,0.5000499179294451,0.49887465179042945
78.09999999999984,0.1,0.0,0.0,1.5,0.5,1.6597219202807292,0.5000499179294451,0.49887465179042945
78.19999999999983,0.1,0.0,0.0,1.5,0.5,1.6597219202807292,0.5000499179294451,0.49887465179042945
78.29999999999983,0.1,0.0,0.0,1.5,0.5,1.6597219202807292,0.5000499179294451,0.49887465179042945
78.39999999999982,0.1,0.0,0.0,1.5,0.5,1.6597219202807292,0.5000499179294451,0.49887465179042945
78.49999999999982,0.1,0.0,0.0,1.5,0.5,1.6597219202807292,0.5000499179294451,0.49887465179042945
78.59999999999981,0.1,0.0,0.0,1.5,0.5,1.6597219202807292,0.5000499179294451,0.49887465179042945
78.6999999999998,0.1,0.0,0.0,1.5,0.5,1.6597219202807292,0.5000499179294451,0.49887465179042945
78.7999999999998,0.1,0.0,0.0,1.5,0.5,1.6597219202807292,0.5000499179294451,0.49887465179042945
78.89999999999979,0.1,0.0,0.0,1.5,0.5,1.6597219202807292,0.5000499179294451,0.49887465179042945
78.99999999999979,0.1,0.0,0.0,1.5,0.5,1.6597219202807292,0.5000499179294451,0.49887465179042945
79.09999999999978,0.1,0.0,0.0,1.5,0.5,1.6597219202807292,0.5000499179294451,0.49887465179042945
79.19999999999978,0.1,0.0,0.0,1.5,0.5,1.6597219202807292,0.5000499179294451,0.49887465179042945
79.29999999999977,0.1,0.0,0.0,1.5,0.5,1.6597219202807292,0.5000499179294451,0.49887465179042945
79.39999999999976,0.1,0.0,0.0,1.5,0.5,1.6597219202807292,0.5000499179294451,0.49887465179042945
79.49999999999976,0.1,0.0,0.0,1.5,0.5,1.6597219202807292,0.5000499179294451,0.49887465179042945
79.59999999999975,0.1,0.0,0.0,1.5,0.5,1.6597219202807292,0.5000499179294451,0.49887465179042945
79.69999999999975,0.1,0.0,0.0,1.5,0.5,1.6597219202807292,0.5000499179294451,0.49887465179042945
79.79999999999974,0.1,0.0,0.0,1.5,0.5,1.6597219202807292,0.5000499179294451,0.49887465179042945
79.89999999999974,0.1,0.0,0.0,1.5,0.5,1.6597219202807292,0.5000499179294451,0.49887465179042945
79.99999999999973,0.1,0.0,0.0,1.5,0.5,1.6597219202807292,0.5000499179294451,0.49887465179042945
